x,u,du_dx,normal_vector,du_dn
0.001001001001001001,0.0012330177,-0.12597648741211742,0.003262902408829881,-0.0004110489842329251
0.002002002002002002,0.0011164986,-0.11640252883080393,0.0030149284165497904,-0.00035094529193024703
0.003003003003003003,0.0010003693,-0.11601316009182483,0.0030048434219413778,-0.0003486013809605518
0.004004004004004004,0.00088412734,-0.11612573743332177,0.003007759274623858,-0.00034927826378760847
0.005005005005005005,0.00076797034,-0.11604083923157305,0.003005560336133971,-0.00034876774376611477
0.006006006006006006,0.00065182074,-0.11603345425100997,0.003005369058607796,-0.0003487233531693686
0.007007007007007007,0.00053560827,-0.11609625566052273,0.0030069956706414106,-0.0003491009381488702
0.008008008008008008,0.0004194531,-0.11603900752379559,0.0030055128932829907,-0.0003487567332365296
0.009009009009009009,0.00036042047,-0.05897360545350239,0.001527468524043852,-9.008032607960576e-05
0.01001001001001001,0.00030277332,-0.05758950309245847,0.0014916190491085564,-8.590159984140718e-05
0.011011011011011011,0.00024507995,-0.057635673758341,0.001492814910177714,-8.603939314458985e-05
0.012012012012012012,0.00018732749,-0.057694709990755655,0.0014943440007954246,-8.621574375231756e-05
0.013013013013013013,0.00012968216,-0.05758768592204433,0.0014915719827881392,-8.589617887492426e-05
0.014014014014014014,7.878669e-05,-0.05084457356133498,0.0013169194105760588,-6.695820584538432e-05
0.015015015015015015,4.851578e-05,-0.03024063770135399,0.0007832592543837554,-2.368625933805181e-05
0.016016016016016016,1.7494887e-05,-0.030989871600468177,0.0008026650748222886,-2.4874487606922907e-05
0.017017017017017015,-1.3531548e-05,-0.03099541033589054,0.0008028085329669213,-2.4883379900464032e-05
0.018018018018018018,-4.459862e-05,-0.03103600592294237,0.0008038599945650365,-2.4948603552536897e-05
0.01901901901901902,-6.7831505e-05,-0.023209652837977005,0.000601150529823838,-1.3952495100577221e-05
0.02002002002002002,-8.726828e-05,-0.019417338116909412,0.0005029262254905022,-9.765488568210106e-06
0.02102102102102102,-0.000106560976,-0.019273403682746028,0.0004991981963829046,-9.621248356586447e-06
0.022022022022022022,-0.0001258001,-0.01921988437970864,0.0004978119991139784,-9.567889065802285e-06
0.023023023023023025,-0.00014510019,-0.019280788663309033,0.0004993894739090779,-9.628622907122011e-06
0.024024024024024024,-0.0001540538,-0.008944665198214368,0.00023167473725436768,-2.0722529596246e-06
0.025025025025025023,-0.00012110623,0.032914625771809425,-0.0008525179096733628,-2.8060307960663968e-05
0.026026026026026026,-8.816789e-05,0.03290540181478713,-0.0008522790010309227,-2.8044582987227884e-05
0.02702702702702703,-2.7022024e-05,0.061084721353836254,-0.0015821482924516183,-9.664508758485493e-05
0.028028028028028028,0.0001106647,0.13754904270172144,-0.0035626418229575195,-0.0004900379722369226
0.029029029029029027,0.00027713715,0.16630598256597323,-0.004307471991516559,-0.0007163583619245709
0.03003003003003003,0.00044540328,0.16809785796795013,-0.004353883148753438,-0.0007318784311482068
0.031031031031031032,0.0006058648,0.1603010629769412,-0.0041519392647801434,-0.0006655602775599567
0.03203203203203203,0.0007542342,0.1482210374088029,-0.003839055921747564,-0.000569028851391832
0.03303303303303303,0.0009022452,0.14786301122512693,-0.0038297827270337057,-0.0005662832063571821
0.03403403403403403,0.0010447107,0.14232305466430287,-0.003686292953835068,-0.0005246444735773029
0.035035035035035036,0.0011872151,0.14236184034962132,-0.003687297537378025,-0.0005249304633377622
0.036036036036036036,0.0013296659,0.14230834285262997,-0.0036859119049049713,-0.0005245360150878071
0.037037037037037035,0.0014721388,0.14233043964486594,-0.003686484231361243,-0.0005246989213935114
0.03803803803803804,0.0016029907,0.13072101760189914,-0.003385789935724965,-0.0004425939057842361
0.03903903903903904,0.0017139144,0.11081285448744913,-0.002870150908824546,-0.0003180496150165943
0.04004004004004004,0.001824842,0.11081657605245729,-0.00287024730064876,-0.0003180709782817036
0.04104104104104104,0.0019358081,0.11085518728941698,-0.0028712473658249827,-0.0003182926644927736
0.04204204204204204,0.0020568124,0.12088329310063294,-0.0031309841729037146,-0.00037848367746656255
0.043043043043043044,0.0021842264,0.1272865945938968,-0.003296835343197775,-0.0004196429437724458
0.044044044044044044,0.002311635,0.12728124484419845,-0.00329669677995049,-0.00041960767002595893
0.04504504504504504,0.0024390935,0.12733102077618264,-0.0032979860205993553,-0.0004199359265084964
0.04604604604604605,0.0025604323,0.12121741985902128,-0.003139638351371426,-0.0003805788602436755
0.04704704704704705,0.0026476094,0.08708997094072417,-0.002255707249860023,-0.00019644947884109022
0.04804804804804805,0.002732814,0.08511940226890162,-0.002204667778938594,-0.00018766000354476006
0.04904904904904905,0.0027557828,0.022945774253457826,-0.0005943158411707915,-1.363703712675888e-05
0.050050050050050046,0.0027725485,0.016748903319239644,-0.0004338114048760907,-7.265865279053168e-06
0.05105105105105105,0.0027893528,0.016787514556199225,-0.0004348114700523103,-7.299403882705542e-06
0.05205205205205205,0.002806111,0.016741460189223317,-0.0004336186212276623,-7.259408884588813e-06
0.05305305305305305,0.0028228508,0.01672308496199551,-0.0004331426865956046,-7.24348194860529e-06
0.05405405405405406,0.0028586562,0.03576958947814982,-0.0009264639939459421,-3.3139236729733434e-05
0.055055055055055056,0.0029305937,0.07186551368795348,-0.0018613803459776816,-0.00013376905473234667
0.056056056056056056,0.0030268207,0.09613081533461826,-0.002489873113321427,-0.00023935353246333315
0.057057057057057055,0.0031443243,0.11738606868311784,-0.0030404029683429095,-0.0003569009516662561
0.058058058058058054,0.0032642386,0.11979438643902561,-0.0031027805275875356,-0.000371695689557305
0.05905905905905906,0.0033841806,0.119822065578773,-0.0031034974417801075,-0.00037186747399253024
0.06006006006006006,0.0035057114,0.12140931305475554,-0.003144608554807493,-0.0003817847644652853
0.06106106106106106,0.0036385749,0.13273054640740178,-0.0034378385085561593,-0.00045630618370106626
0.062062062062062065,0.0037714588,0.13275101501494577,-0.003438368663589314,-0.000456446930087064
0.06306306306306306,0.003913444,0.14184326352551702,-0.003673865939122726,-0.0005211131345604058
0.06406406406406406,0.004063051,0.14945758553221744,-0.003871083611464965,-0.0005785628099628902
0.06506506506506507,0.004199624,0.1364362947642796,-0.003533820667517443,-0.0004821413982375131
0.06606606606606606,0.00433618,0.13641954772174478,-0.0035333869043085286,-0.00048202304341170537
0.06706706706706707,0.0044857226,0.1493929233402006,-0.003869408803519243,-0.0005780622927560475
0.06806806806806806,0.004674929,0.18901735637337133,-0.004895716653884143,-0.000925375419470268
0.06906906906906907,0.0048537264,0.17861837334930805,-0.004626373799073496,-0.0008263553624963664
0.07007007007007007,0.0050389227,0.18501109164208077,-0.004791950855117469,-0.0008865640588004853
0.07107107107107107,0.0052526165,0.21348013356328197,-0.005529324212400259,-0.0011804008713778961
0.07207207207207207,0.005466314,0.21348385512828716,-0.005529420604224396,-0.001180442027215607
0.07307307307307308,0.0056304755,0.16399727482348594,-0.004247674419691887,-0.0006966070291669016
0.07407407407407407,0.0057296245,0.09904991788789716,-0.0025654804504394724,-0.00025411062795903513
0.07507507507507508,0.005828789,0.09906526934355446,-0.0025658780667143204,-0.00025418940178177293
0.07607607607607608,0.005927931,0.09904293995350548,-0.0025652997157690352,-0.0002540748257116572
0.07707707707707707,0.0060270727,0.09904247475788083,-0.002565287666791044,-0.000254072438984855
0.07807807807807808,0.006126189,0.09901735419407436,-0.0025646370219775624,-0.00025394357238438833
0.07907907907907907,0.00625911,0.1327877654694032,-0.0034393205328534767,-0.00045669968829065036
0.08008008008008008,0.0063931313,0.13388748792931368,-0.0034678043169087307,-0.00046429560862133956
0.08108108108108109,0.006534415,0.14114221371710228,-0.003655708129236322,-0.0005159747380640211
0.08208208208208208,0.0066808853,0.14632402779534587,-0.0037899216954766462,-0.0005545566075111091
0.08308308308308308,0.006827308,0.14627611264586374,-0.0037886806507398357,-0.0005541934776468246
0.08408408408408408,0.0069820243,0.15456171194091572,-0.0040032849983748205,-0.0006187545827361983
0.08508508508508508,0.007159194,0.17699251463636664,-0.00458426262086991,-0.000811380169021266
0.08608608608608609,0.007336416,0.17704461654648093,-0.004585612106408909,-0.0008118579370100659
0.08708708708708708,0.0075136633,0.1770702023059145,-0.0045862748002004445,-0.0008120926067020103
0.08808808808808809,0.0076908884,0.17704787291586307,-0.004585696449255096,-0.0008118878021784408
0.0890890890890891,0.007868081,0.17701577441766767,-0.004584865069771249,-0.0008115934409260716
0.09009009009009009,0.0080452785,0.1770199611783043,-0.004584973510573553,-0.0008116318328452839
0.09109109109109109,0.00820458,0.15914249327033675,-0.00412193128500444,-0.0006559744217846095
0.0920920920920921,0.00828327,0.0786106176674362,-0.0020360845028769255,-0.0001600578603942499
0.09309309309309309,0.008361896,0.0785473510622985,-0.0020344458418653116,-0.00015980033175822805
0.0940940940940941,0.0084416745,0.079699175432324,-0.0020642791114595838,-0.00016452134304549925
0.09509509509509509,0.008525248,0.08348958939313961,-0.002162454184421795,-0.00018054241193885226
0.0960960960960961,0.008608803,0.08347191195934968,-0.0021619963232567476,-0.00018046596675132495
0.0970970970970971,0.008716306,0.10739506222307627,-0.002781627067261794,-0.0002987330119699735
0.0980980980980981,0.008862595,0.14614306669682392,-0.00378523464302423,-0.0005531857988986185
0.0990990990990991,0.009008883,0.1461412059143178,-0.0037851864471120703,-0.0005531717119914902
0.10010010010010009,0.009155168,0.14613934513181576,-0.0037851382512000156,-0.0005531576252637567
0.1011011011011011,0.009301393,0.14607886970043107,-0.003783571884056482,-0.0005526999042533014
0.1021021021021021,0.009447754,0.14621470682322904,-0.003787090185640301,-0.0005537282812065247
0.1031031031031031,0.009594016,0.1461151549592627,-0.0037845117043426232,-0.0005529745141251657
0.1041041041041041,0.009740292,0.14613004121929332,-0.0037848972716394277,-0.0005530871943154604
0.10510510510510511,0.00988658,0.1461412059143178,-0.0037851864471120703,-0.0005531717119914902
0.1061061061061061,0.010032882,0.1461560921743525,-0.0037855720144089797,-0.0005532844122706081
0.10710710710710711,0.010179148,0.14611980691552087,-0.0037846321941228385,-0.0005530097254514933
0.10810810810810811,0.010348614,0.16929678339511067,-0.004384936377372934,-0.0007423556240814469
0.1091091091091091,0.010539168,0.19036270212382242,-0.004930562298337582,-0.0009385951621013864
0.11011011011011011,0.010729747,0.19038875307887693,-0.004931237041107013,-0.0009388520713927348
0.1111111111111111,0.010920351,0.1904138736426847,-0.004931887685920529,-0.0009390998386467842
0.11211211211211211,0.01107458,0.1540746521204702,-0.003990669718380729,-0.0006148610485872055
0.11311311311311312,0.011234265,0.15952488407492554,-0.004131835544942451,-0.0006591305863236013
0.11411411411411411,0.011437449,0.20298066828400071,-0.005257378778335893,-0.001067146257848743
0.11511511511511512,0.011647156,0.20949805900454413,-0.0054261849604909694,-0.001136775217022507
0.11611611611611611,0.011856866,0.2094999197870511,-0.005426233156403152,-0.0011367954110122975
0.11711711711711711,0.012066674,0.20959854125976454,-0.005428787539744753,-0.0011378659491396864
0.11811811811811812,0.012275492,0.20860860496759306,-0.005403147314503772,-0.0011271430237130287
0.11911911911911911,0.012475555,0.19986292719841176,-0.0051766265276004305,-0.001034615730819172
0.12012012012012012,0.012675577,0.1998219899833192,-0.005175566217534003,-0.001034191940878085
0.12112112112112113,0.0128755765,0.19979966059327023,-0.005174987866588718,-0.0010339608193187175
0.12212212212212212,0.013089577,0.2137862322852034,-0.005537252439941879,-0.001183788336347224
0.12312312312312312,0.013329537,0.23971995804458732,-0.00620895886697858,-0.0014884113590926736
0.12412412412412413,0.013569526,0.23974973056465262,-0.006209730001572294,-0.0014887810947561972
0.12512512512512514,0.0138094565,0.239690185524522,-0.006208187732384866,-0.00148804166934639
0.12612612612612611,0.014049473,0.23977671191096847,-0.006210428842298019,-0.0014891162073632615
0.12712712712712712,0.014302115,0.25238909572362767,-0.00653710073455983,-0.0016498929430498177
0.12812812812812813,0.014563122,0.2607458699494587,-0.006753548575832858,-0.0017609598986514663
0.12912912912912913,0.014838739,0.27534184791147565,-0.00713159731040102,-0.0019636271820063266
0.13013013013013014,0.015121105,0.28208346292376374,-0.007306211099965076,-0.0020609613279301896
0.13113113113113112,0.015396436,0.2750552874058547,-0.007124175139936724,-0.001959542040644941
0.13213213213213212,0.015671708,0.2749966727569685,-0.007122656968705151,-0.0019587069675831514
0.13313313313313313,0.015947009,0.27502551488578175,-0.007123404005342811,-0.0019591178543088466
0.13413413413413414,0.016222283,0.2749994639307246,-0.007122729262573312,-0.001958746728931346
0.13513513513513514,0.016501721,0.27915831282734727,-0.007230447126132701,-0.0020184394207185463
0.13613613613613612,0.016789798,0.28778862208128625,-0.007453979766485679,-0.0021451705660187016
0.13713713713713713,0.0170915,0.301400246098636,-0.007806532863548974,-0.002352890926250751
0.13813813813813813,0.017451255,0.35939525440335085,-0.009308654856191239,-0.0033454863801938377
0.13913913913913914,0.017819565,0.3679418284445982,-0.009530018680499191,-0.0035064924984140496
0.14014014014014015,0.018190984,0.37104747444391056,-0.009610457657805955,-0.00356593604217904
0.14114114114114115,0.018565081,0.3737232796847801,-0.009679763379415977,-0.003617552916727969
0.14214214214214213,0.018939184,0.3737288620323027,-0.009679907967152568,-0.00361766098914135
0.14314314314314314,0.019313248,0.3736897855997066,-0.00967889585299805,-0.003616904516148731
0.14414414414414414,0.019687293,0.3736711777746658,-0.009678413893876978,-0.0036165443187157
0.14514514514514515,0.020061407,0.3737400267273168,-0.009680197142624941,-0.0036178771388103415
0.14614614614614616,0.020435499,0.37371769733726784,-0.009679618791679657,-0.003617444845929068
0.14714714714714713,0.020809593,0.3737195581197823,-0.009679666987592032,-0.0036174808693495387
0.14814814814814814,0.02118367,0.3737028110772352,-0.0096792332243828,-0.003617156665024023
0.14914914914914915,0.02155777,0.37372700124978825,-0.009679859771240192,-0.003617624964824058
0.15015015015015015,0.021928094,0.3699533343315105,-0.009582118461486974,-0.0035449366747866296
0.15115115115115116,0.022231497,0.30309914052486264,-0.007850535731302765,-0.0023794906328175923
0.15215215215215216,0.022535026,0.3032256737351402,-0.007853813053326048,-0.0023814777544846296
0.15315315315315314,0.02283845,0.3031196091324159,-0.00785106588633616,-0.0023798120227390613
0.15415415415415415,0.023141902,0.30314938165247285,-0.007851837020929656,-0.00238027953773082
0.15515515515515516,0.02344536,0.3031549639999851,-0.007851981608665978,-0.0023803672019036795
0.15615615615615616,0.023748819,0.3031549639999851,-0.007851981608665978,-0.0023803672019036795
0.15715715715715717,0.024052273,0.30315124243497693,-0.007851885216841764,-0.002380308758942409
0.15815815815815815,0.024355687,0.3031103052198955,-0.007850824906775624,-0.002379665933720717
0.15915915915915915,0.024659159,0.30316798947751367,-0.007852318980050729,-0.0023805717579181
0.16016016016016016,0.024962636,0.3031735718250259,-0.007852463567787049,-0.0023806594274718863
0.16116116116116116,0.02526609,0.30315124243497693,-0.007851885216841764,-0.002380308758942409
0.16216216216216217,0.02556954,0.3031456600874647,-0.007851740629105443,-0.0023802210958457346
0.16316316316316315,0.02587728,0.3074329029768775,-0.007962784010600443,-0.002448021804156757
0.16416416416416416,0.026187226,0.3096360694617017,-0.008019847970535038,-0.0024832342032768745
0.16516516516516516,0.026497185,0.30964909493923026,-0.008020185341919788,-0.0024834431323703435
0.16616616616616617,0.02680715,0.3096546772867425,-0.008020329929656109,-0.0024835326761008646
0.16716716716716717,0.027117088,0.30962862633168536,-0.00801965518688661,-0.0024831148191694764
0.16816816816816815,0.027421009,0.30361643806100574,-0.007863934194868758,-0.0023876196893921954
0.16916916916916916,0.027712883,0.2915827576071009,-0.007552251231271867,-0.002202106240155874
0.17017017017017017,0.028004786,0.2916106693446621,-0.007552974169953474,-0.002202527853243076
0.17117117117117117,0.028296655,0.29157717525958865,-0.007552106643535546,-0.002202021922381268
0.17217217217217218,0.028626412,0.3294273521751148,-0.008532459691706249,-0.002810825603779686
0.17317317317317318,0.02896522,0.33846889436244787,-0.00876664362863469,-0.002967236176253582
0.17417417417417416,0.029362807,0.3971896078437656,-0.010287562026999014,-0.004086112727172153
0.17517517517517517,0.02986227,0.498963246122,-0.012923589243784946,-0.0064483960406262995
0.17617617617617617,0.03036172,0.4989502206444714,-0.012923251872400196,-0.006448059373178156
0.17717717717717718,0.030839868,0.4776703119277929,-0.012372083421543298,-0.005909776947165262
0.1781781781781782,0.03130311,0.46278033033013105,-0.011986419732862214,-0.005547079283449576
0.17917917917917917,0.0317664,0.46282498911024184,-0.011987576434753115,-0.005548149932872802
0.18018018018018017,0.032223973,0.4571161083877063,-0.011839711376408173,-0.005412122788817358
0.18118118118118118,0.03268483,0.4603948071598983,-0.0119246325735409,-0.005490038914148004
0.18218218218218218,0.03314582,0.46052878350019216,-0.011928102679212611,-0.005493234616323167
0.1831831831831832,0.033606827,0.460547391325233,-0.011928584638333682,-0.005493678537386825
0.1841841841841842,0.034063086,0.4558023959398246,-0.011805685062460554,-0.005381059537180518
0.18518518518518517,0.034485273,0.4217649623751735,-0.010924085438197619,-0.0046073964838246
0.18618618618618618,0.03488349,0.3978204131126383,-0.010303900441203039,-0.0040991019301908896
0.1871871871871872,0.03528167,0.39777947589754853,-0.010302840131136682,-0.00409825834761978
0.1881881881881882,0.0356885,0.4064246714115122,-0.01052675833878631,-0.004278334298869622
0.1891891891891892,0.03613163,0.4426876008510567,-0.01146600027392965,-0.005075856152623476
0.19019019019019018,0.036574766,0.4426913224160771,-0.011466096665754183,-0.005075941495913292
0.19119119119119118,0.037017863,0.4426541067659832,-0.011465132747511722,-0.005075088095303225
0.1921921921921922,0.037460983,0.4426764361560322,-0.011465711098457008,-0.005075600127059613
0.1931931931931932,0.037886146,0.4247384928166844,-0.011001102505744476,-0.004672591697611759
0.1941941941941942,0.038293563,0.40700895711779383,-0.010541891855187942,-0.00429064441002861
0.19519519519519518,0.038701016,0.40704617276788674,-0.010542855773430377,-0.0042914290926186534
0.1961961961961962,0.039108455,0.4070312865078428,-0.010542470206133229,-0.004291115210973011
0.1971971971971972,0.039515886,0.4070238433778265,-0.0105422774224848,-0.004290958274455049
0.1981981981981982,0.03992331,0.40701640024781016,-0.010542084638836371,-0.004290801340806916
0.1991991991991992,0.040330756,0.40703872963785914,-0.010542662989781657,-0.0042912721503608
0.20020020020020018,0.040738218,0.40705361589790306,-0.010543048557078806,-0.004291586037746097
0.2012012012012012,0.041145604,0.4069791845977285,-0.01054112072059423,-0.00429001671561366
0.2022022022022022,0.041553088,0.4070759452879408,-0.010543626908023799,-0.004292056890347156
0.2032032032032032,0.04196049,0.4069940708577612,-0.010541506287891087,-0.00429033055708148
0.2042042042042042,0.04236796,0.4070647805929163,-0.010543337732551157,-0.004291821460817952
0.20520520520520522,0.042775348,0.4069791845977285,-0.01054112072059423,-0.00429001671561366
0.2062062062062062,0.043184005,0.4082482382655236,-0.010573990332651571,-0.004316812924741681
0.2072072072072072,0.043596983,0.4125652536749818,-0.01068580484873977,-0.004408591788141673
0.2082082082082082,0.044010058,0.41266201436519406,-0.010688311036169339,-0.004410659962347374
0.2092092092092092,0.04442307,0.4125987477600553,-0.010686672375157698,-0.0044093076397120415
0.21021021021021022,0.044836123,0.4126396849751451,-0.010687732685224055,-0.004410182648329416
0.2112112112112112,0.04524913,0.4125950261950586,-0.010686575983333781,-0.0044092280977790855
0.2122122122122122,0.04566219,0.4126471281051614,-0.010687925468872483,-0.004410341750132241
0.2132132132132132,0.04607521,0.4126061908900716,-0.010686865158806126,-0.0044094667257308165
0.21421421421421422,0.046500318,0.42468266934156196,-0.010999656628381264,-0.004671363538781561
0.21521521521521522,0.046926465,0.42572098597883956,-0.01102654994733703,-0.004694233715525242
0.21621621621621623,0.04735266,0.4257693663239457,-0.011027803041051816,-0.004695300712733913
0.2172172172172172,0.047778822,0.42573587223888404,-0.011026935514634193,-0.004694562009444716
0.2182182182182182,0.04820285,0.42360341548919456,-0.01097170299935914,-0.004647650864261572
0.21921921921921922,0.04862668,0.4234061725437619,-0.010966594232675786,-0.004643323689897748
0.22022022022022023,0.049050517,0.4234136156737782,-0.010966787016324215,-0.004643486942906082
0.22122122122122123,0.049474362,0.42342105880379455,-0.010966979799972644,-0.0046436501987842434
0.2222222222222222,0.049899418,0.42463056743145944,-0.01099830714284257,-0.004670217402850714
0.22322322322322322,0.05032537,0.42552746459841506,-0.011021537572477891,-0.0046899669391926874
0.22422422422422422,0.05075136,0.42556095868348853,-0.01102240509889582,-0.004690705280883877
0.22522522522522523,0.051177315,0.4255311861634232,-0.011021633964302105,-0.004690048974288547
0.22622622622622623,0.051602717,0.42497667297720687,-0.011007271582494187,-0.0046778336556849345
0.2272272272272272,0.05195692,0.3538501225411972,-0.009165031038112309,-0.0032430473559299164
0.22822822822822822,0.052311093,0.3538166284561139,-0.009164163511694126,-0.0032424334363281566
0.22922922922922923,0.052665275,0.3538277931511384,-0.00916445268716677,-0.003242638069738238
0.23023023023023023,0.05301946,0.35383151471614654,-0.009164549078990983,-0.0032427062823098454
0.23123123123123124,0.05337364,0.3538240715861302,-0.009164356295342554,-0.003242569857884087
0.23223223223223222,0.053879883,0.5057383552193756,-0.013099070559767294,-0.006624702399799257
0.23323323323323322,0.054403648,0.5232408754527542,-0.013552401309046398,-0.00709117032543249
0.23423423423423423,0.054927394,0.5232222676277134,-0.013551919349925327,-0.0070906659729758174
0.23523523523523523,0.055451144,0.5232259891927216,-0.01355201574174954,-0.007090766842032237
0.23623623623623624,0.055974923,0.5232557617127869,-0.013552786876343256,-0.007091573820312051
0.23723723723723725,0.056498665,0.5232185460627052,-0.013551822958101114,-0.007090565104636854
0.23823823823823823,0.05703546,0.5362589098513247,-0.013889579910148117,-0.0074484109809088905
0.23923923923923923,0.057578858,0.5428535230457755,-0.014060386222655326,-0.007632730196352727
0.24024024024024024,0.058122266,0.5428646877408,-0.01406067539812797,-0.007633044159429489
0.24124124124124124,0.05866854,0.5457265712320776,-0.0141348007109487,-0.007713736327034767
0.24224224224224225,0.05920151,0.532436862587926,-0.013790585506679729,-0.007342616080427079
0.24324324324324323,0.059734534,0.5324926860630632,-0.013792031384043325,-0.007344155837955297
0.24424424424424424,0.06022938,0.49435036629438145,-0.012804111577671425,-0.006329717248495999
0.24524524524524524,0.06072123,0.49135822802781803,-0.012726612551003193,-0.006253325791857518
0.24624624624624625,0.061213117,0.49139544367789967,-0.012727576469245334,-0.006254273086049207
0.24724724724724725,0.061705,0.4913917221128915,-0.01272748007742112,-0.006254178353401482
0.24824824824824826,0.06219686,0.49136567115783436,-0.01272680533465162,-0.0062535152449562
0.24924924924924924,0.0626887,0.4913507848978153,-0.012726419767355116,-0.006253136341629008
0.2502502502502503,0.063180596,0.4914028868079024,-0.012727769252893411,-0.006254462553496681
0.25125125125125125,0.063672476,0.491388000547897,-0.01272738368559726,-0.006254083621471561
0.25225225225225223,0.06414873,0.4757797569036591,-0.012323116374842817,-0.005863089313118216
0.25325325325325326,0.0646247,0.475489474832996,-0.012315597812553425,-0.005855937136145422
0.25425425425425424,0.06510066,0.47548947483302234,-0.012315597812554108,-0.005855937136146071
0.2552552552552553,0.065576605,0.475467145442947,-0.01231501946160814,-0.0058553871494851605
0.25625625625625625,0.06605775,0.48066245019436965,-0.012449582448211875,-0.0059840468034543385
0.25725725725725723,0.06653942,0.48119091242552886,-0.012463270087250294,-0.0059972123050897694
0.25825825825825827,0.06702136,0.48145886510608993,-0.012470210298593026,-0.006003893297994873
0.25925925925925924,0.06753804,0.5161587372422335,-0.013368967667567112,-0.006900509469523688
0.2602602602602603,0.06805473,0.5161736235022375,-0.013369353234863227,-0.006900907503120712
0.26126126126126126,0.06857678,0.5215326771140216,-0.013508157461732445,-0.007044945523895069
0.26226226226226224,0.06910821,0.5308961346745611,-0.013750679291455426,-0.007300182484983218
0.26326326326326327,0.0696396,0.53085891902445,-0.01374971537321252,-0.007299159039917461
0.26426426426426425,0.070171036,0.5309035778045774,-0.013750872075103854,-0.00730038718260569
0.2652652652652653,0.07070244,0.5308738052844827,-0.013750100940509378,-0.0072995684093339576
0.26626626626626626,0.07121593,0.5129730775952455,-0.013286456266039737,-0.006815594361125037
0.26726726726726724,0.071704365,0.48794927448035386,-0.012638317640023319,-0.006166857923101636
0.2682682682682683,0.072192766,0.4879120588302452,-0.012637353721780476,-0.006165917272559974
0.26926926926926925,0.07268117,0.48791950196028855,-0.012637546505429606,-0.0061661053969291986
0.2702702702702703,0.07315522,0.4735691472887837,-0.01226585963125889,-0.005808732686339187
0.27127127127127126,0.07360916,0.4534875825047595,-0.011745729347799636,-0.005326542406688862
0.27227227227227224,0.0740808,0.4711724594235526,-0.012203783296465612,-0.005750086590067773
0.2732732732732733,0.07455184,0.47056956589220406,-0.012188167820942232,-0.005735380840522117
0.27427427427427425,0.07502289,0.4705770090222465,-0.012188360604591338,-0.005735562278193171
0.2752752752752753,0.075493954,0.47059189528225304,-0.012188746171887518,-0.005735925162142854
0.27627627627627627,0.07593892,0.44451861083508537,-0.011513425051443364,-0.005117931709821476
0.2772772772772773,0.07638369,0.4443250894546363,-0.011508412676583587,-0.005113476492003872
0.2782782782782783,0.07682844,0.4443102031946282,-0.011508027109287368,-0.00511313386329676
0.27927927927927926,0.0772732,0.4443102031946282,-0.011508027109287368,-0.00511313386329676
0.2802802802802803,0.07771798,0.44433997571466893,-0.011508798243880444,-0.005113819132190861
0.28128128128128127,0.07816272,0.44429531693459556,-0.01150764154199051,-0.005112791246068392
0.2822822822822823,0.07860744,0.444272987544522,-0.011507063191044588,-0.00511227734174898
0.2832832832832833,0.07905221,0.44432508945466087,-0.011508412676584225,-0.005113476492004439
0.28428428428428426,0.07949694,0.44428787380457924,-0.011507448758342082,-0.005112619941758949
0.2852852852852853,0.07994171,0.4443250894546363,-0.011508412676583587,-0.005113476492003872
0.2862862862862863,0.08038643,0.4442729875445466,-0.011507063191045226,-0.005112277341749546
0.2872872872872873,0.0808312,0.4443250894546363,-0.011508412676583587,-0.005113476492003872
0.2882882882882883,0.08127592,0.4442729875445466,-0.011507063191045226,-0.005112277341749546
0.28928928928928926,0.081720665,0.4443027600646119,-0.01150783432563894,-0.0051129625532476625
0.2902902902902903,0.08216544,0.4443325325846526,-0.011508605460232016,-0.005113647810662453
0.2912912912912913,0.08261018,0.44429531693459556,-0.01150764154199051,-0.005112791246068392
0.2922922922922923,0.08305495,0.4443250894546363,-0.011508412676583587,-0.005113476492003872
0.2932932932932933,0.0834997,0.4443027600646119,-0.01150783432563894,-0.0051129625532476625
0.29429429429429427,0.08394442,0.4442729875445466,-0.011507063191045226,-0.005112277341749546
0.2952952952952953,0.08438919,0.4443250894546363,-0.011508412676583587,-0.005113476492003872
0.2962962962962963,0.08483395,0.44431764632464454,-0.011508219892935797,-0.0051133051762156856
0.2972972972972973,0.08528161,0.447213023900971,-0.011583212732173819,-0.005180163592443682
0.2982982982982983,0.085743934,0.4618611037731275,-0.011962610952281634,-0.005525064698429299
0.29929929929929927,0.086206235,0.4618387743830785,-0.011962032601336348,-0.0055245304757316075
0.3003003003003003,0.08666858,0.46188343316315084,-0.011963189303226254,-0.005525598946954824
0.3013013013013013,0.08713093,0.4618834331631765,-0.011963189303226918,-0.005525598946955438
0.3023023023023023,0.08759813,0.4667363539337958,-0.01208888424200159,-0.005642321754239541
0.3033033033033033,0.08806564,0.46704152226449114,-0.012096788371587829,-0.005649702455577775
0.30430430430430433,0.08853319,0.4670861810445632,-0.012097945073477728,-0.005650782962857599
0.3053053053053053,0.08900073,0.46707129478455645,-0.012097559506181542,-0.005650422782285432
0.3063063063063063,0.089630455,0.6290933489799642,-0.01629407396517185,-0.010250493559277204
0.3073073073073073,0.09034677,0.7155974060296777,-0.018534605527206167,-0.01326331563705206
0.3083083083083083,0.09106312,0.715634621679799,-0.018535569445449335,-0.013264695227713777
0.30930930930930933,0.09177945,0.7156122922897103,-0.01853499109450302,-0.013263867464706675
0.3103103103103103,0.09249579,0.7156271785497826,-0.018535376661800905,-0.01326441930384207
0.3113113113113113,0.0932121,0.715589962899701,-0.018534412743558763,-0.013263039727530962
0.3123123123123123,0.09392841,0.7155974060296777,-0.018534605527206167,-0.01326331563705206
0.3133133133133133,0.094644785,0.715656951069848,-0.01853614779639462,-0.013265523016547855
0.31431431431431434,0.095361136,0.7156346216797593,-0.01853556944544831,-0.013264695227712307
0.3153153153153153,0.09607744,0.715589962899701,-0.018534412743558763,-0.013263039727530962
0.3163163163163163,0.09679379,0.715634621679799,-0.018535569445449335,-0.013264695227713777
0.3173173173173173,0.097510144,0.7156346216797593,-0.01853556944544831,-0.013264695227712307
0.3183183183183183,0.09822645,0.715589962899701,-0.018534412743558763,-0.013263039727530962
0.31931931931931934,0.09894278,0.7156122922897103,-0.01853499109450302,-0.013263867464706675
0.3203203203203203,0.09965912,0.7156271785497826,-0.018535376661800905,-0.01326441930384207
0.3213213213213213,0.10037545,0.71561229228975,-0.018534991094504048,-0.013263867464708144
0.32232232232232233,0.10109179,0.7156197354197267,-0.01853518387815145,-0.013264143382838725
0.3233233233233233,0.101808086,0.7155825197696847,-0.018534219959910336,-0.013262763820878223
0.32432432432432434,0.10252445,0.715649507939792,-0.018535955012745166,-0.013265247084065198
0.3253253253253253,0.10324057,0.7154038846492928,-0.01852959315234805,-0.013256142922160732
0.3263263263263263,0.10395365,0.7123670876026315,-0.01845093742378925,-0.013143840556123148
0.32732732732732733,0.10466675,0.7123819738626246,-0.018451322991085085,-0.013144389892766018
0.3283283283283283,0.10537981,0.7123522013425988,-0.018450551856492393,-0.013143291230958129
0.32932932932932935,0.10609289,0.7123670876025919,-0.018450937423788227,-0.01314384055612169
0.3303303303303303,0.10680599,0.7123819738626641,-0.018451322991086108,-0.013144389892767477
0.3313313313313313,0.10751904,0.7123373150825661,-0.018450166289195536,-0.01314274191727242
0.33233233233233234,0.108232155,0.7124043032526736,-0.01845190134203037,-0.013145213919256217
0.3333333333333333,0.108945236,0.7123670876026315,-0.01845093742378925,-0.013143840556123148
0.33433433433433435,0.1096583,0.7123522013425593,-0.01845055185649137,-0.013143291230956672
0.3353353353353353,0.11037141,0.7123968601226968,-0.018451708558382966,-0.013144939240891116
0.3363363363363363,0.11108448,0.7123596444726151,-0.01845074464014082,-0.013143565892105724
0.33733733733733734,0.11179758,0.7123819738626246,-0.018451322991085085,-0.013144389892766018
0.3383383383383383,0.11251067,0.7123819738626641,-0.018451322991086108,-0.013144389892767477
0.33933933933933935,0.11322375,0.7123596444725756,-0.018450744640139797,-0.013143565892104265
0.34034034034034033,0.11393682,0.7123596444726151,-0.01845074464014082,-0.013143565892105724
0.34134134134134136,0.11464989,0.7123596444725756,-0.018450744640139797,-0.013143565892104265
0.34234234234234234,0.11536301,0.7124043032527131,-0.018451901342031393,-0.013145213919257676
0.3433433433433433,0.116076075,0.7123522013425988,-0.018450551856492393,-0.013143291230958129
0.34434434434434436,0.11678917,0.7123819738626246,-0.018451322991085085,-0.013144389892766018
0.34534534534534533,0.1174987,0.7088241577148597,-0.01835917240713731,-0.013013424917830998
0.34634634634634637,0.118249945,0.750490799546217,-0.019438375271038647,-0.014588321799041208
0.34734734734734735,0.11905161,0.8008659034967603,-0.020743135003603416,-0.016612469556016123
0.3483483483483483,0.119853236,0.8008212447166624,-0.020741978301712847,-0.016610616881463685
0.34934934934934936,0.12065489,0.8008510172366833,-0.02074274943630541,-0.016611851986350828
0.35035035035035034,0.12145658,0.8008882328868093,-0.0207437133545487,-0.016613395932035015
0.35135135135135137,0.122258164,0.8007840290665363,-0.020741014383469553,-0.01660907306492173
0.35235235235235235,0.12305982,0.8008510172367277,-0.020742749436306558,-0.016611851986352667
0.3533533533533533,0.12386147,0.8008510172367277,-0.020742749436306558,-0.016611851986352667
0.35435435435435436,0.12466312,0.8008510172366833,-0.02074274943630541,-0.016611851986350828
0.35535535535535534,0.12546477,0.8008435741067114,-0.02074255665265813,-0.016611543205825682
0.3563563563563564,0.12626635,0.80077658593652,-0.020740821599821126,-0.016608764310223192
0.35735735735735735,0.12706809,0.8009403347969236,-0.0207450628400877,-0.01661555757652306
0.35835835835835833,0.12786967,0.8007765859365644,-0.020740821599822275,-0.016608764310225035
0.35935935935935936,0.12867133,0.8008659034967159,-0.020743135003602267,-0.016612469556014284
0.36036036036036034,0.12947297,0.800836130976695,-0.0207423638690097,-0.01661123442816852
0.3613613613613614,0.13027464,0.8008659034967159,-0.020743135003602267,-0.016612469556014284
0.36236236236236236,0.13107626,0.8008212447166624,-0.020741978301712847,-0.016610616881463685
0.36336336336336333,0.13190818,0.8310850113630482,-0.02152583661622289,-0.01788980016879272
0.36436436436436437,0.13299553,1.0862652808427453,-0.028135231218942004,-0.030562324841619613
0.36536536536536535,0.13442844,1.431477651000055,-0.03707653683305467,-0.053074233852998115
0.3663663663663664,0.13623558,1.8053311854600311,-0.04675967392631582,-0.08441669756112025
0.36736736736736736,0.13807118,1.8337639421225007,-0.047496107463315056,-0.08709664925740254
0.3683683683683684,0.13990985,1.8368305116891257,-0.047575534326464934,-0.08738819306076415
0.36936936936936937,0.14175779,1.8460897654295383,-0.04781535718511255,-0.08827144152979402
0.37037037037037035,0.14360581,1.8461790829897342,-0.04781767058889369,-0.08827998323850894
0.3713713713713714,0.14545372,1.8460599929093706,-0.04781458605051619,-0.0882685943853804
0.37237237237237236,0.1473017,1.8461344242096362,-0.04781651388700312,-0.08827571233249458
0.3733733733733734,0.1491496,1.846045106649338,-0.04781420048321933,-0.08826717083039745
0.3743743743743744,0.15099762,1.8461790829897342,-0.04781767058889369,-0.08827998323850894
0.37537537537537535,0.15284558,1.846104651689571,-0.04781574275240941,-0.0882728651192149
0.3763763763763764,0.15469359,1.8461641967295992,-0.047817285021594186,-0.08827855959168172
0.37737737737737737,0.15654157,1.8461344242096362,-0.04781651388700312,-0.08827571233249458
0.3783783783783784,0.15838946,1.846045106649338,-0.04781420048321933,-0.08826717083039745
0.3793793793793794,0.16023742,1.846104651689571,-0.04781574275240941,-0.0882728651192149
0.38038038038038036,0.16208535,1.8460897654295383,-0.04781535718511255,-0.08827144152979402
0.3813813813813814,0.16393337,1.8461641967295992,-0.047817285021594186,-0.08827855959168172
0.38238238238238237,0.16578136,1.846149310469669,-0.04781689945429998,-0.0882771359563534
0.3833833833833834,0.16762929,1.8460748791694033,-0.04781497161781304,-0.08827001795184265
0.3843843843843844,0.16947721,1.8460748791695056,-0.04781497161781569,-0.08827001795185245
0.38538538538538536,0.17132525,1.8461939692497669,-0.04781805615619055,-0.08828140689680568
0.3863863863863864,0.17317319,1.846089765429436,-0.0478153571851099,-0.08827144152978424
0.38738738738738737,0.17502119,1.846149310469669,-0.04781689945429998,-0.0882771359563534
0.3883883883883884,0.17686912,1.846089765429436,-0.0478153571851099,-0.08827144152978424
0.3893893893893894,0.17871709,1.8461195379496036,-0.04781612831970627,-0.08827428872011508
0.39039039039039036,0.18056506,1.8461195379496036,-0.04781612831970627,-0.08827428872011508
0.3913913913913914,0.182413,1.846089765429436,-0.0478153571851099,-0.08827144152978424
0.3923923923923924,0.184261,1.846149310469669,-0.04781689945429998,-0.0882771359563534
0.3933933933933934,0.18610895,1.8461046516894686,-0.047815742752406756,-0.08827286511920511
0.3943943943943944,0.18795691,1.8461195379496036,-0.04781612831970627,-0.08827428872011508
0.39539539539539537,0.18980485,1.8460897654295383,-0.04781535718511255,-0.08827144152979402
0.3963963963963964,0.19165283,1.8461344242095339,-0.04781651388700047,-0.0882757123324848
0.3973973973973974,0.19350077,1.8460897654295383,-0.04781535718511255,-0.08827144152979402
0.3983983983983984,0.19534875,1.8461344242095339,-0.04781651388700047,-0.0882757123324848
0.3993993993993994,0.19719674,1.8461344242096362,-0.04781651388700312,-0.08827571233249458
0.40040040040040037,0.19904472,1.8461344242096362,-0.04781651388700312,-0.08827571233249458
0.4014014014014014,0.20089263,1.8460599929093706,-0.04781458605051619,-0.0882685943853804
0.4024024024024024,0.2027406,1.8461195379496036,-0.04781612831970627,-0.08827428872011508
0.4034034034034034,0.2045886,1.8461641967295992,-0.047817285021594186,-0.08827855959168172
0.4044044044044044,0.20643656,1.846104651689571,-0.04781574275240941,-0.0882728651192149
0.40540540540540543,0.20828457,1.8461641967295992,-0.047817285021594186,-0.08827855959168172
0.4064064064064064,0.21013243,1.846015334129375,-0.04781342934862827,-0.08826432375487928
0.4074074074074074,0.2119804,1.8461195379496036,-0.04781612831970627,-0.08827428872011508
0.4084084084084084,0.21382838,1.8461344242095339,-0.04781651388700047,-0.0882757123324848
0.4094094094094094,0.21567634,1.846104651689571,-0.04781574275240941,-0.0882728651192149
0.41041041041041043,0.21752222,1.84403546154493,-0.04776214889814366,-0.08807509628776601
0.4114114114114114,0.219366,1.8419364988804279,-0.04770778390928949,-0.0878747084632207
0.4124124124124124,0.22120969,1.841847181320232,-0.04770547050550834,-0.08786618638412601
0.4134134134134134,0.22305347,1.8419364988803257,-0.04770778390928684,-0.08787470846321094
0.4144144144144144,0.22489724,1.8419216126203952,-0.04770739834199263,-0.08787328808800662
0.41541541541541543,0.226741,1.841921612620293,-0.04770739834198998,-0.08787328808799688
0.4164164164164164,0.22858477,1.8419216126203952,-0.04770739834199263,-0.08787328808800662
0.4174174174174174,0.23042846,1.841847181320232,-0.04770547050550834,-0.08786618638412601
0.4184184184184184,0.23227218,1.8418769538401951,-0.047706241640099414,-0.08786902703123059
0.4194194194194194,0.23411593,1.8419067263603626,-0.04770701277469577,-0.08787186772427188
0.42042042042042044,0.23595965,1.8418769538401951,-0.047706241640099414,-0.08786902703123059
0.4214214214214214,0.23780344,1.8419513851404605,-0.04770816947658634,-0.08787612884991405
0.4224224224224224,0.23964721,1.8419216126203952,-0.04770739834199263,-0.08787328808800662
0.42342342342342343,0.2414909,1.8418471813201298,-0.0477054705055057,-0.08786618638411627
0.4244244244244244,0.24333464,1.84189184010033,-0.04770662720739891,-0.08787044737201645
0.42542542542542544,0.24517843,1.8419513851403584,-0.0477081694765837,-0.08787612884990431
0.4264264264264264,0.24702214,1.8418620675802646,-0.0477058560728052,-0.0878676067019435
0.4274274274274274,0.24886593,1.8419513851404605,-0.04770816947658634,-0.08787612884991405
0.42842842842842843,0.25070968,1.8419067263602604,-0.04770701277469312,-0.08787186772426213
0.4294294294294294,0.25255334,1.8418174088001666,-0.04770469937091463,-0.08786334578292893
0.43043043043043044,0.25439715,1.841966271400391,-0.04770855504388055,-0.08787754924807697
0.4314314314314314,0.25624087,1.8418769538402973,-0.04770624164010206,-0.08786902703124033
0.43243243243243246,0.25808465,1.8419364988803257,-0.04770778390928684,-0.08787470846321094
0.43343343343343343,0.2599284,1.8419067263603626,-0.04770701277469577,-0.08787186772427188
0.4344344344344344,0.2617722,1.8419364988804279,-0.04770778390928949,-0.0878747084632207
0.43543543543543545,0.26361585,1.8418174088000645,-0.047704699370911985,-0.08786334578291918
0.4364364364364364,0.26545954,1.841847181320232,-0.04770547050550834,-0.08786618638412601
0.43743743743743746,0.26730335,1.841966271400391,-0.04770855504388055,-0.08787754924807697
0.43843843843843844,0.26914713,1.8419364988804279,-0.04770778390928949,-0.0878747084632207
0.4394394394394394,0.27099088,1.8419067263603626,-0.04770701277469577,-0.08787186772427188
0.44044044044044045,0.2728346,1.8418769538401951,-0.047706241640099414,-0.08786902703123059
0.44144144144144143,0.27467838,1.8419364988804279,-0.04770778390928949,-0.0878747084632207
0.44244244244244246,0.27652207,1.8418471813201298,-0.0477054705055057,-0.08786618638411627
0.44344344344344344,0.2783658,1.8418769538402973,-0.04770624164010206,-0.08786902703124033
0.4444444444444444,0.2802096,1.8419662714004932,-0.047708555043883195,-0.08787754924808672
0.44544544544544545,0.28205335,1.8419067263602604,-0.04770701277469312,-0.08787186772426213
0.44644644644644643,0.28389707,1.8418769538402973,-0.04770624164010206,-0.08786902703124033
0.44744744744744747,0.28574082,1.8419067263602604,-0.04770701277469312,-0.08787186772426213
0.44844844844844844,0.28758454,1.8418769538402973,-0.04770624164010206,-0.08786902703124033
0.4494494494494494,0.2894283,1.8419067263603626,-0.04770701277469577,-0.08787186772427188
0.45045045045045046,0.29127204,1.8419067263602604,-0.04770701277469312,-0.08787186772426213
0.45145145145145144,0.29311585,1.8419662714004932,-0.047708555043883195,-0.08787754924808672
0.45245245245245247,0.29495952,1.8418174088000645,-0.047704699370911985,-0.08786334578291918
0.45345345345345345,0.29680336,1.8419960439205585,-0.04770932617847691,-0.08788039007887001
0.4544544544544544,0.29864705,1.841847181320232,-0.04770547050550834,-0.08786618638412601
0.45545545545545546,0.30049077,1.8418769538401951,-0.047706241640099414,-0.08786902703123059
0.45645645645645644,0.30233458,1.8419662714004932,-0.047708555043883195,-0.08787754924808672
0.4574574574574575,0.30417818,1.8417578637599339,-0.047703157101724555,-0.08785766471827673
0.45845845845845845,0.30602202,1.8419960439205585,-0.04770932617847691,-0.08788039007887001
0.45945945945945943,0.30786577,1.8419067263603626,-0.04770701277469577,-0.08787186772427188
0.46046046046046046,0.30970952,1.8419067263602604,-0.04770701277469312,-0.08787186772426213
0.46146146146146144,0.3115532,1.841847181320232,-0.04770547050550834,-0.08786618638412601
0.4624624624624625,0.31339705,1.8419960439204563,-0.047709326178474266,-0.08788039007886027
0.46346346346346345,0.31524068,1.8417876362801013,-0.047703928236320914,-0.08786050522764909
0.46446446446446443,0.31708452,1.8419960439205585,-0.04770932617847691,-0.08788039007887001
0.46546546546546547,0.31892824,1.8418769538401951,-0.047706241640099414,-0.08786902703123059
0.46646646646646645,0.320772,1.8419067263603626,-0.04770701277469577,-0.08787186772427188
0.4674674674674675,0.32261574,1.8419067263602604,-0.04770701277469312,-0.08787186772426213
0.46846846846846846,0.3244595,1.8419067263603626,-0.04770701277469577,-0.08787186772427188
0.4694694694694695,0.3263032,1.8418769538401951,-0.047706241640099414,-0.08786902703123059
0.47047047047047047,0.32814696,1.8419067263603626,-0.04770701277469577,-0.08787186772427188
0.47147147147147145,0.3299908,1.8419960439205585,-0.04770932617847691,-0.08788039007887001
0.4724724724724725,0.33183447,1.8418174088000645,-0.047704699370911985,-0.08786334578291918
0.47347347347347346,0.33367822,1.8419067263603626,-0.04770701277469577,-0.08787186772427188
0.4744744744744745,0.33552197,1.8419067263602604,-0.04770701277469312,-0.08787186772426213
0.4754754754754755,0.33736575,1.8419364988804279,-0.04770778390928949,-0.0878747084632207
0.47647647647647645,0.33920947,1.8418769538402973,-0.04770624164010206,-0.08786902703124033
0.4774774774774775,0.3410532,1.8418769538401951,-0.047706241640099414,-0.08786902703123059
0.47847847847847846,0.3428969,1.8418769538402973,-0.04770624164010206,-0.08786902703124033
0.4794794794794795,0.3447407,1.8419364988803257,-0.04770778390928684,-0.08787470846321094
0.4804804804804805,0.34658447,1.8419364988804279,-0.04770778390928949,-0.0878747084632207
0.48148148148148145,0.34842816,1.841847181320232,-0.04770547050550834,-0.08786618638412601
0.4824824824824825,0.35027188,1.8418769538401951,-0.047706241640099414,-0.08786902703123059
0.48348348348348347,0.35211566,1.8419364988804279,-0.04770778390928949,-0.0878747084632207
0.4844844844844845,0.35395944,1.8419364988803257,-0.04770778390928684,-0.08787470846321094
0.4854854854854855,0.35580313,1.841847181320232,-0.04770547050550834,-0.08786618638412601
0.48648648648648646,0.35713926,1.3347913920879664,-0.03457227723996921,-0.04614677806478962
0.4874874874874875,0.357987,0.8468793332576473,-0.021934923518186822,-0.018576233404139542
0.48848848848848847,0.35883465,0.8468197882175637,-0.02193338124900061,-0.01857362126417378
0.4894894894894895,0.35968226,0.8467602431773861,-0.021931838979811966,-0.018571009307872855
0.4904904904904905,0.36053,0.8468793332576943,-0.02193492351818804,-0.018576233404141603
0.49149149149149146,0.36137757,0.8467304706573677,-0.02193106784521947,-0.018569703398601346
0.4924924924924925,0.36222523,0.8468197882175167,-0.021933381248999396,-0.01857362126417172
0.4934934934934935,0.3630729,0.8468197882175637,-0.02193338124900061,-0.01857362126417378
0.4944944944944945,0.3638402,0.7665233016013847,-0.01985363124975349,-0.015218270974337469
0.4954954954954955,0.36459276,0.7518156766891649,-0.019472690760459987,-0.014639874181034076
0.4964964964964965,0.36534533,0.7518156766891232,-0.01947269076045891,-0.014639874181032452
0.4974974974974975,0.36609796,0.7518752217292956,-0.019474233029647417,-0.014642193277174123
0.4984984984984985,0.36685055,0.7518454492092302,-0.019473461895053702,-0.014641033706145478
0.4994994994994995,0.36760315,0.7518454492091885,-0.01947346189505262,-0.014641033706143851
0.5005005005005005,0.3683558,0.7519049942493191,-0.01947500416424005,-0.01464335289411838
0.5015015015015015,0.36910835,0.7517859041690996,-0.019471919625866276,-0.014638714701839915
0.5025025025025025,0.36978167,0.6726505458355102,-0.01742224387577509,-0.011719081852719488
0.5035035035035035,0.3704037,0.6214120388031146,-0.0160951212399937,-0.010001702104527797
0.5045045045045045,0.3710258,0.6214715838432452,-0.016096663509181125,-0.010003618965642563
0.5055055055055055,0.37164792,0.6215013563632416,-0.016097434643773053,-0.010004577465073586
0.5065065065065065,0.37226996,0.6214120388031146,-0.0160951212399937,-0.010001702104527797
0.5075075075075075,0.372892,0.6214120388031146,-0.0160951212399937,-0.010001702104527797
0.5085085085085085,0.37351406,0.6214418113231799,-0.01609589237458741,-0.01000266051212656
0.5095095095095095,0.37413615,0.6214715838432452,-0.016096663509181125,-0.010003618965642563
0.5105105105105106,0.37475818,0.6214120388030456,-0.016095121239991912,-0.010001702104525579
0.5115115115115115,0.37538034,0.6215311288833758,-0.01609820577836855,-0.010005536010426289
0.5125125125125125,0.37600237,0.6214120388031146,-0.0160951212399937,-0.010001702104527797
0.5135135135135135,0.37662444,0.6214418113231799,-0.01609589237458741,-0.01000266051212656
0.5145145145145145,0.3772465,0.6214418113231799,-0.01609589237458741,-0.01000266051212656
0.5155155155155156,0.3778686,0.6214715838431762,-0.016096663509179338,-0.010003618965640343
0.5165165165165165,0.37849066,0.6214418113231799,-0.01609589237458741,-0.01000266051212656
0.5175175175175175,0.3791127,0.6214120388031146,-0.0160951212399937,-0.010001702104527797
0.5185185185185185,0.3797348,0.6215013563633105,-0.01609743464377484,-0.010004577465075807
0.5195195195195195,0.38028467,0.549302995204938,-0.014227433254018962,-0.007815171700510952
0.5205205205205206,0.3806917,0.4066330790519355,-0.01053215628094143,-0.004282723137575396
0.5215215215215215,0.3810987,0.40657353401185,-0.010530614011755172,-0.004281468954074006
0.5225225225225225,0.38150567,0.40657353401185,-0.010530614011755172,-0.004281468954074006
0.5235235235235235,0.3819127,0.4066330790519806,-0.010532156280942598,-0.004282723137576346
0.5245245245245245,0.3823197,0.40657353401185,-0.010530614011755172,-0.004281468954074006
0.5255255255255256,0.38272676,0.4066628515720008,-0.010532927415535145,-0.004283350298202427
0.5265265265265265,0.3831337,0.40654376149178467,-0.010529842877161457,-0.004280841931198695
0.5275275275275275,0.38354072,0.4066033065319153,-0.010531385146348885,-0.004282096022866555
0.5285285285285285,0.38394773,0.4066033065319153,-0.010531385146348885,-0.004282096022866555
0.5295295295295295,0.38435474,0.4066033065319153,-0.010531385146348885,-0.004282096022866555
0.5305305305305306,0.38476178,0.4066330790519355,-0.01053215628094143,-0.004282723137575396
0.5315315315315315,0.38516876,0.40657353401185,-0.010530614011755172,-0.004281468954074006
0.5325325325325325,0.3855758,0.4066330790519806,-0.010532156280942598,-0.004282723137576346
0.5335335335335335,0.3859828,0.4066033065319153,-0.010531385146348885,-0.004282096022866555
0.5345345345345345,0.38638985,0.4066330790519806,-0.010532156280942598,-0.004282723137576346
0.5355355355355356,0.38672122,0.33104065060612614,-0.008574245547502399,-0.0028384238245018744
0.5365365365365365,0.38704568,0.32413342595101136,-0.008395342321761758,-0.0027212110687841566
0.5375375375375375,0.3873702,0.32419297099114197,-0.008396884590949186,-0.0027222109626095564
0.5385385385385385,0.3876947,0.32416319847107666,-0.008396113456355471,-0.002721710992738236
0.5395395395395395,0.38801917,0.32416319847107666,-0.008396113456355471,-0.002721710992738236
0.5405405405405406,0.38834137,0.3218707144260122,-0.008336736092638587,-0.0026833512021187038
0.5415415415415415,0.38859412,0.2525007426738796,-0.006539992489286439,-0.0016513529606264207
0.5425425425425425,0.38884684,0.2524709701538143,-0.006539221354692726,-0.0016509635594698124
0.5435435435435435,0.3890996,0.2525007426738796,-0.006539992489286439,-0.0016513529606264207
0.5445445445445445,0.38935238,0.2525305151939449,-0.006540763623880153,-0.0016517424077002693
0.5455455455455456,0.38960513,0.2525007426738516,-0.006539992489285713,-0.001651352960626054
0.5465465465465466,0.38978383,0.1785160303115885,-0.004623723023907733,-0.0008254086794883026
0.5475475475475475,0.38994667,0.16267704963684448,-0.0042134794200520105,-0.0006854364007596236
0.5485485485485485,0.3901095,0.16267704963684448,-0.0042134794200520105,-0.0006854364007596236
0.5495495495495496,0.39027238,0.16270682215689175,-0.004214250554645257,-0.0006856873155192482
0.5505505505505506,0.3904352,0.16264727711677918,-0.004212708285458297,-0.0006851855319170872
0.5515515515515516,0.39059803,0.16267704963684448,-0.0042134794200520105,-0.0006854364007596236
0.5525525525525525,0.3907608,0.16261750459671387,-0.004211937150864583,-0.0006849347089917912
0.5535535535535535,0.39092368,0.1627068221569098,-0.004214250554645724,-0.0006856873155194004
0.5545545545545546,0.39108658,0.16273659467695706,-0.004215021689238971,-0.0006859382761962653
0.5555555555555556,0.39124942,0.16267704963684448,-0.0042134794200520105,-0.0006854364007596236
0.5565565565565566,0.3914122,0.16261750459671387,-0.004211937150864583,-0.0006849347089917912
0.5575575575575575,0.39157504,0.16267704963684448,-0.0042134794200520105,-0.0006854364007596236
0.5585585585585585,0.39173788,0.16267704963684448,-0.0042134794200520105,-0.0006854364007596236
0.5595595595595596,0.39190072,0.16267704963682644,-0.004213479420051543,-0.0006854364007594716
0.5605605605605606,0.3920636,0.1627068221569098,-0.004214250554645724,-0.0006856873155194004
0.5615615615615616,0.39222643,0.16267704963684448,-0.0042134794200520105,-0.0006854364007596236
0.5625625625625625,0.3923893,0.1627068221569098,-0.004214250554645724,-0.0006856873155194004
0.5635635635635635,0.39255208,0.16261750459671387,-0.004211937150864583,-0.0006849347089917912
0.5645645645645646,0.39271495,0.16270682215689175,-0.004214250554645257,-0.0006856873155192482
0.5655655655655656,0.39287782,0.1627068221569098,-0.004214250554645724,-0.0006856873155194004
0.5665665665665666,0.3930406,0.16261750459671387,-0.004211937150864583,-0.0006849347089917912
0.5675675675675675,0.39320338,0.16261750459671387,-0.004211937150864583,-0.0006849347089917912
0.5685685685685685,0.39336625,0.1627068221569098,-0.004214250554645724,-0.0006856873155194004
0.5695695695695696,0.39352912,0.16270682215689175,-0.004214250554645257,-0.0006856873155192482
0.5705705705705706,0.39369196,0.16267704963684448,-0.0042134794200520105,-0.0006854364007596236
0.5715715715715716,0.3938548,0.16267704963684448,-0.0042134794200520105,-0.0006854364007596236
0.5725725725725725,0.3940176,0.16264727711677918,-0.004212708285458297,-0.0006851855319170872
0.5735735735735735,0.39418048,0.1627068221569098,-0.004214250554645724,-0.0006856873155194004
0.5745745745745746,0.39434332,0.16267704963682644,-0.004213479420051543,-0.0006854364007594716
0.5755755755755756,0.39450616,0.16267704963684448,-0.0042134794200520105,-0.0006854364007596236
0.5765765765765766,0.39466897,0.16264727711677918,-0.004212708285458297,-0.0006851855319170872
0.5775775775775776,0.3948318,0.16267704963684448,-0.0042134794200520105,-0.0006854364007596236
0.5785785785785785,0.39499465,0.16267704963684448,-0.0042134794200520105,-0.0006854364007596236
0.5795795795795796,0.39515746,0.16264727711676114,-0.004212708285457829,-0.0006851855319169352
0.5805805805805806,0.39532027,0.16264727711677918,-0.004212708285458297,-0.0006851855319170872
0.5815815815815816,0.39548317,0.1627365946769751,-0.004215021689239438,-0.0006859382761964174
0.5825825825825826,0.395646,0.16267704963684448,-0.0042134794200520105,-0.0006854364007596236
0.5835835835835835,0.39580885,0.16267704963684448,-0.0042134794200520105,-0.0006854364007596236
0.5845845845845846,0.3959717,0.16267704963682644,-0.004213479420051543,-0.0006854364007594716
0.5855855855855856,0.39613453,0.16267704963684448,-0.0042134794200520105,-0.0006854364007596236
0.5865865865865866,0.39629734,0.16264727711677918,-0.004212708285458297,-0.0006851855319170872
0.5875875875875876,0.39646024,0.1627365946769751,-0.004215021689239438,-0.0006859382761964174
0.5885885885885885,0.39662308,0.16267704963684448,-0.0042134794200520105,-0.0006854364007596236
0.5895895895895896,0.39678589,0.16264727711676114,-0.004212708285457829,-0.0006851855319169352
0.5905905905905906,0.39694872,0.16267704963684448,-0.0042134794200520105,-0.0006854364007596236
0.5915915915915916,0.39711156,0.16267704963684448,-0.0042134794200520105,-0.0006854364007596236
0.5925925925925926,0.39727443,0.1627068221569098,-0.004214250554645724,-0.0006856873155194004
0.5935935935935935,0.39743724,0.16264727711677918,-0.004212708285458297,-0.0006851855319170872
0.5945945945945946,0.39760008,0.16267704963682644,-0.004213479420051543,-0.0006854364007594716
0.5955955955955956,0.39776295,0.1627068221569098,-0.004214250554645724,-0.0006856873155194004
0.5965965965965966,0.39792573,0.16261750459671387,-0.004211937150864583,-0.0006849347089917912
0.5975975975975976,0.39808857,0.16267704963684448,-0.0042134794200520105,-0.0006854364007596236
0.5985985985985985,0.3982514,0.16267704963684448,-0.0042134794200520105,-0.0006854364007596236
0.5995995995995996,0.39841428,0.16270682215689175,-0.004214250554645257,-0.0006856873155192482
0.6006006006006006,0.3985771,0.16264727711677918,-0.004212708285458297,-0.0006851855319170872
0.6016016016016016,0.39873993,0.16267704963684448,-0.0042134794200520105,-0.0006854364007596236
0.6026026026026026,0.39890286,0.1627663671970404,-0.004215792823833152,-0.0006861892827906747
0.6036036036036035,0.3990656,0.16258773207664856,-0.004211166016270869,-0.0006846839319837355
0.6046046046046046,0.39922848,0.16270682215689175,-0.004214250554645257,-0.0006856873155192482
0.6056056056056056,0.3993913,0.16264727711677918,-0.004212708285458297,-0.0006851855319170872
0.6066066066066066,0.39955413,0.16267704963684448,-0.0042134794200520105,-0.0006854364007596236
0.6076076076076076,0.39971694,0.16264727711677918,-0.004212708285458297,-0.0006851855319170872
0.6086086086086087,0.39987984,0.16273659467695706,-0.004215021689238971,-0.0006859382761962653
0.6096096096096096,0.40004268,0.16267704963684448,-0.0042134794200520105,-0.0006854364007596236
0.6106106106106106,0.4002055,0.16264727711677918,-0.004212708285458297,-0.0006851855319170872
0.6116116116116116,0.40036836,0.1627068221569098,-0.004214250554645724,-0.0006856873155194004
0.6126126126126126,0.40053114,0.16261750459671387,-0.004211937150864583,-0.0006849347089917912
0.6136136136136137,0.40069395,0.16264727711676114,-0.004212708285457829,-0.0006851855319169352
0.6146146146146146,0.4008568,0.16267704963684448,-0.0042134794200520105,-0.0006854364007596236
0.6156156156156156,0.40101966,0.1627068221569098,-0.004214250554645724,-0.0006856873155194004
0.6166166166166166,0.40118256,0.1627365946769751,-0.004215021689239438,-0.0006859382761964174
0.6176176176176176,0.40134537,0.16264727711677918,-0.004212708285458297,-0.0006851855319170872
0.6186186186186187,0.4015082,0.16267704963682644,-0.004213479420051543,-0.0006854364007594716
0.6196196196196196,0.40167102,0.16264727711677918,-0.004212708285458297,-0.0006851855319170872
0.6206206206206206,0.40183386,0.16267704963684448,-0.0042134794200520105,-0.0006854364007596236
0.6216216216216216,0.40199673,0.1627068221569098,-0.004214250554645724,-0.0006856873155194004
0.6226226226226226,0.4021595,0.16261750459671387,-0.004211937150864583,-0.0006849347089917912
0.6236236236236237,0.4023224,0.16273659467695706,-0.004215021689238971,-0.0006859382761962653
0.6246246246246246,0.40248525,0.16267704963684448,-0.0042134794200520105,-0.0006854364007596236
0.6256256256256256,0.40264803,0.16261750459671387,-0.004211937150864583,-0.0006849347089917912
0.6266266266266266,0.40281093,0.1627365946769751,-0.004215021689239438,-0.0006859382761964174
0.6276276276276276,0.40297368,0.16258773207664856,-0.004211166016270869,-0.0006846839319837355
0.6286286286286287,0.40313658,0.16273659467695706,-0.004215021689238971,-0.0006859382761962653
0.6296296296296297,0.40329936,0.16261750459671387,-0.004211937150864583,-0.0006849347089917912
0.6306306306306306,0.40346223,0.1627068221569098,-0.004214250554645724,-0.0006856873155194004
0.6316316316316316,0.40362504,0.16264727711677918,-0.004212708285458297,-0.0006851855319170872
0.6326326326326326,0.403788,0.16279613971710571,-0.004216563958426865,-0.0006864403353021723
0.6336336336336337,0.40395078,0.16261750459669583,-0.004211937150864116,-0.0006849347089916394
0.6346346346346347,0.4041136,0.16264727711677918,-0.004212708285458297,-0.0006851855319170872
0.6356356356356356,0.40440607,0.29218751192093556,-0.007567914902706888,-0.002211250225851295
0.6366366366366366,0.40510726,0.7004878520965734,-0.018143254720897457,-0.012709129529482475
0.6376376376376376,0.40580836,0.7003985345363775,-0.018140941317116317,-0.012705888713618689
0.6386386386386387,0.40655857,0.7494636476039224,-0.019411771127554447,-0.014548416795709462
0.6396396396396397,0.40760142,1.0418000221252677,-0.02698354170323206,-0.028111454343445242
0.6406406406406406,0.40874606,1.1435029506683607,-0.029617737475358275,-0.033867970195193074
0.6416416416416416,0.40989077,1.1435624957084913,-0.029619279744545705,-0.03387149746576065
0.6426426426426426,0.41103542,1.1435029506683607,-0.029617737475358275,-0.033867970195193074
0.6436436436436437,0.41218013,1.1435624957083645,-0.02961927974454242,-0.03387149746575314
0.6446446446446447,0.41332474,1.1434731781482954,-0.029616966340764564,-0.033866206628785145
0.6456456456456456,0.41446948,1.1435922682285566,-0.029620050879139416,-0.033873261169920295
0.6466466466466466,0.41561407,1.14344340562823,-0.02961619520617085,-0.03386444310829446
0.6476476476476476,0.41675875,1.143532723188426,-0.02961850860995199,-0.03386973380751824
0.6486486486486487,0.41790342,1.1435327231882992,-0.029618508609948708,-0.03386973380751073
0.6496496496496497,0.4190481,1.143532723188426,-0.02961850860995199,-0.03386973380751824
0.6506506506506506,0.4201928,1.1435624957084913,-0.029619279744545705,-0.03387149746576065
0.6516516516516516,0.4213375,1.143532723188426,-0.02961850860995199,-0.03386973380751824
0.6526526526526526,0.42248207,1.14344340562823,-0.02961619520617085,-0.03386444310829446
0.6536536536536537,0.42362678,1.1435624957083645,-0.02961927974454242,-0.03387149746575314
0.6546546546546547,0.4247714,1.1434731781482954,-0.029616966340764564,-0.033866206628785145
0.6556556556556556,0.42591614,1.1435922682285566,-0.029620050879139416,-0.033873261169920295
0.6566566566566566,0.42706072,1.14344340562823,-0.02961619520617085,-0.03386444310829446
0.6576576576576576,0.42820546,1.1435922682285566,-0.029620050879139416,-0.033873261169920295
0.6586586586586587,0.42935014,1.1435327231882992,-0.029618508609948708,-0.03386973380751073
0.6596596596596597,0.4304947,1.1434136331081648,-0.029615424071577134,-0.03386267963372101
0.6606606606606606,0.43163946,1.143622040748622,-0.02962082201373313,-0.033875024919997186
0.6616616616616616,0.43278408,1.1434731781482954,-0.029616966340764564,-0.033866206628785145
0.6626626626626626,0.43392867,1.14344340562823,-0.02961619520617085,-0.03386444310829446
0.6636636636636637,0.43507797,1.1481474637984215,-0.029738034471974324,-0.03414364885734735
0.6646646646646647,0.4362287,1.1495765447616837,-0.029775048932475887,-0.03422869787190569
0.6656656656656657,0.43737954,1.149695634841945,-0.029778133470850742,-0.034235790065177914
0.6666666666666666,0.43853018,1.1494872272014878,-0.029772735528694746,-0.03422337920908254
0.6676676676676676,0.43968093,1.149606317281749,-0.0297758200670696,-0.03423047085134789
0.6686686686686687,0.44083163,1.1495467722414907,-0.029774277797878865,-0.03422692493837313
0.6696696696696697,0.4419824,1.149606317281749,-0.0297758200670696,-0.03423047085134789
0.6706706706706707,0.44313315,1.149606317281749,-0.0297758200670696,-0.03423047085134789
0.6716716716716716,0.4442838,1.149516999721553,-0.02977350666328846,-0.03422515205077302
0.6726726726726726,0.44543457,1.149606317281749,-0.0297758200670696,-0.03423047085134789
0.6736736736736737,0.44658542,1.1496956348418172,-0.029778133470847436,-0.03423579006517031
0.6746746746746747,0.44773614,1.1495765447616837,-0.029775048932475887,-0.03422869787190569
0.6756756756756757,0.44888678,1.1494872272014878,-0.029772735528694746,-0.03422337920908254
0.6766766766766766,0.45003748,1.1495467722416184,-0.029774277797882172,-0.03422692493838073
0.6776776776776777,0.45118833,1.1496956348418172,-0.029778133470847436,-0.03423579006517031
0.6786786786786787,0.45233902,1.1495467722416184,-0.029774277797882172,-0.03422692493838073
0.6796796796796797,0.4534898,1.1496360898018143,-0.029776591201663313,-0.03423224387670732
0.6806806806806807,0.45464045,1.1494872272014878,-0.029772735528694746,-0.03422337920908254
0.6816816816816816,0.45579118,1.1495765447616837,-0.029775048932475887,-0.03422869787190569
0.6826826826826827,0.45694202,1.1496956348418172,-0.029778133470847436,-0.03423579006517031
0.6836836836836837,0.4580927,1.149516999721553,-0.02977350666328846,-0.03422515205077302
0.6846846846846847,0.45924348,1.1496360898018143,-0.029776591201663313,-0.03423224387670732
0.6856856856856857,0.46039414,1.149516999721553,-0.02977350666328846,-0.03422515205077302
0.6866866866866866,0.46154493,1.1496360898018143,-0.029776591201663313,-0.03423224387670732
0.6876876876876877,0.46276614,1.2199885547160023,-0.03159878224660543,-0.03855015268382183
0.6886886886886887,0.46440774,1.6399597227573763,-0.0424764068255353,-0.0696595963613344
0.6896896896896897,0.46604958,1.6401979029178988,-0.04248257590228501,-0.06967983190547834
0.6906906906906907,0.4676912,1.6399894952774416,-0.042477177960129016,-0.06966212564364205
0.6916916916916916,0.4693329,1.6400490403175723,-0.042478720229316445,-0.06966718434600908
0.6926926926926927,0.47097468,1.6401383578775863,-0.04248103363309287,-0.06967477274392346
0.6936936936936937,0.47261637,1.6400490403175723,-0.042478720229316445,-0.06966718434600908
0.6946946946946947,0.47425824,1.640227675437964,-0.04248334703687873,-0.06968236155512392
0.6956956956956957,0.47589988,1.6399894952774416,-0.042477177960129016,-0.06966212564364205
0.6966966966966966,0.47754145,1.639929950237311,-0.042475635690941586,-0.06965706712494399
0.6976976976976977,0.47918332,1.6402276754377823,-0.042483347036874015,-0.06968236155510846
0.6986986986986987,0.48082495,1.6399894952774416,-0.042477177960129016,-0.06966212564364205
0.6996996996996997,0.4824668,1.6401979029178988,-0.04248257590228501,-0.06967983190547834
0.7007007007007007,0.4841084,1.6399597227573763,-0.0424764068255353,-0.0696595963613344
0.7017017017017017,0.48575017,1.6401383578777682,-0.04248103363309758,-0.0696747727439389
0.7027027027027027,0.48739192,1.640108585357521,-0.042480262498499156,-0.0696722432320296
0.7037037037037037,0.48903352,1.6399597227573763,-0.0424764068255353,-0.0696595963613344
0.7047047047047047,0.49067536,1.6401979029178988,-0.04248257590228501,-0.06967983190547834
0.7057057057057057,0.49231705,1.6400490403175723,-0.042478720229316445,-0.06966718434600908
0.7067067067067067,0.49395874,1.6400490403175723,-0.042478720229316445,-0.06966718434600908
0.7077077077077077,0.49560046,1.6400788128374557,-0.04247949136390545,-0.069669713766053
0.7087087087087087,0.49724212,1.640019267797507,-0.04247794909472273,-0.06966465497186694
0.7097097097097097,0.4988839,1.6401383578777682,-0.04248103363309758,-0.0696747727439389
0.7107107107107107,0.5005256,1.6400490403175723,-0.042478720229316445,-0.06966718434600908
0.7117117117117117,0.5021677,1.6404658555984868,-0.04248951611362844,-0.06970260040530916
0.7127127127127127,0.50388604,1.716623961925355,-0.04446207840434332,-0.07632466918589959
0.7137137137137137,0.50560415,1.7163857817650228,-0.04445590932759853,-0.07630349068532517
0.7147147147147147,0.5073226,1.7167430520058065,-0.044465162942723103,-0.07633525953822595
0.7157157157157157,0.50904083,1.716504871845284,-0.04445899386597339,-0.07631407956828293
0.7167167167167167,0.5107592,1.7166239619255452,-0.044462078404348244,-0.0763246691859165
0.7177177177177178,0.5124774,1.7165048718450937,-0.044458993865968466,-0.07631407956826601
0.7187187187187187,0.5141957,1.7165644168854146,-0.04446053613516082,-0.07631937428526524
0.7197197197197197,0.515914,1.7166239619255452,-0.044462078404348244,-0.0763246691859165
0.7207207207207207,0.5176334,1.7176362276077657,-0.04448829698053451,-0.07641471059833925
0.7217217217217217,0.5193531,1.7179934978485494,-0.04449755059565908,-0.07644650259352914
0.7227227227227228,0.5210728,1.7179934978483589,-0.04449755059565415,-0.0764465025935122
0.7237237237237237,0.5227925,1.7179934978485494,-0.04449755059565908,-0.07644650259352914
0.7247247247247247,0.52451223,1.7179934978485494,-0.04449755059565908,-0.07644650259352914
0.7257257257257257,0.5262318,1.7178744077682881,-0.04449446605728422,-0.07643590452712333
0.7267267267267267,0.5279516,1.71805304288868,-0.044499092864846504,-0.07645180190223548
0.7277277277277278,0.52967125,1.7179339528082282,-0.04449600832646672,-0.0764412034684748
0.7287287287287287,0.53139096,1.7179934978485494,-0.04449755059565908,-0.07644650259352914
0.7297297297297297,0.5331106,1.7179339528084188,-0.04449600832647165,-0.07644120346849176
0.7307307307307307,0.53483033,1.7179934978485494,-0.04449755059565908,-0.07644650259352914
0.7317317317317317,0.5365501,1.71805304288868,-0.044499092864846504,-0.07645180190223548
0.7327327327327328,0.5382697,1.7178744077680976,-0.04449446605727929,-0.07643590452710639
0.7337337337337337,0.5399895,1.71805304288868,-0.044499092864846504,-0.07645180190223548
0.7347347347347347,0.5417091,1.7179339528084188,-0.04449600832647165,-0.07644120346849176
0.7357357357357357,0.54342866,1.7178148627281575,-0.0444929237880968,-0.07643060576942388
0.7367367367367368,0.54514843,1.7180530428884895,-0.04449909286484157,-0.07645180190221854
0.7377377377377378,0.5468681,1.7179339528084188,-0.04449600832647165,-0.07644120346849176
0.7387387387387387,0.54858786,1.71805304288868,-0.044499092864846504,-0.07645180190223548
0.7397397397397397,0.5503074,1.7178148627281575,-0.0444929237880968,-0.07643060576942388
0.7407407407407407,0.5520272,1.7181125879288106,-0.04450063513403393,-0.0764571013946108
0.7417417417417418,0.55374694,1.7179934978483589,-0.04449755059565415,-0.0764465025935122
0.7427427427427428,0.5554666,1.7179339528084188,-0.04449600832647165,-0.07644120346849176
0.7437437437437437,0.5571863,1.7179934978485494,-0.04449755059565908,-0.07644650259352914
0.7447447447447447,0.55890596,1.7179339528084188,-0.04449600832647165,-0.07644120346849176
0.7457457457457457,0.5606256,1.7179339528084188,-0.04449600832647165,-0.07644120346849176
0.7467467467467468,0.56234515,1.717814862727967,-0.04449292378809186,-0.07643060576940691
0.7477477477477478,0.5640649,1.71805304288868,-0.044499092864846504,-0.07645180190223548
0.7487487487487487,0.56578475,1.7181125879288106,-0.04450063513403393,-0.0764571013946108
0.7497497497497497,0.56750435,1.7178744077682881,-0.04449446605728422,-0.07643590452712333
0.7507507507507507,0.56922406,1.7179934978485494,-0.04449755059565908,-0.07644650259352914
0.7517517517517518,0.5709438,1.7179934978483589,-0.04449755059565415,-0.0764465025935122
0.7527527527527528,0.5726634,1.7179339528084188,-0.04449600832647165,-0.07644120346849176
0.7537537537537538,0.5743831,1.7179339528084188,-0.04449600832647165,-0.07644120346849176
0.7547547547547547,0.57610285,1.71805304288868,-0.044499092864846504,-0.07645180190223548
0.7557557557557557,0.57782257,1.7179934978485494,-0.04449755059565908,-0.07644650259352914
0.7567567567567568,0.5795421,1.717814862727967,-0.04449292378809186,-0.07643060576940691
0.7577577577577578,0.5812618,1.7179934978485494,-0.04449755059565908,-0.07644650259352914
0.7587587587587588,0.5829816,1.71805304288868,-0.044499092864846504,-0.07645180190223548
0.7597597597597597,0.5847013,1.7179934978485494,-0.04449755059565908,-0.07644650259352914
0.7607607607607607,0.58642095,1.7179339528084188,-0.04449600832647165,-0.07644120346849176
0.7617617617617618,0.58814067,1.7179934978483589,-0.04449755059565415,-0.0764465025935122
0.7627627627627628,0.5898604,1.7179934978485494,-0.04449755059565908,-0.07644650259352914
0.7637637637637638,0.59158,1.7178744077682881,-0.04449446605728422,-0.07643590452712333
0.7647647647647647,0.5932996,1.7179339528084188,-0.04449600832647165,-0.07644120346849176
0.7657657657657657,0.5950194,1.71805304288868,-0.044499092864846504,-0.07645180190223548
0.7667667667667668,0.596739,1.7178744077680976,-0.04449446605727929,-0.07643590452710639
0.7677677677677678,0.59845877,1.71805304288868,-0.044499092864846504,-0.07645180190223548
0.7687687687687688,0.6001784,1.7179339528084188,-0.04449600832647165,-0.07644120346849176
0.7697697697697697,0.6018982,1.71805304288868,-0.044499092864846504,-0.07645180190223548
0.7707707707707707,0.60361785,1.7179339528084188,-0.04449600832647165,-0.07644120346849176
0.7717717717717718,0.60533756,1.7179934978483589,-0.04449755059565415,-0.0764465025935122
0.7727727727727728,0.6070572,1.7179339528084188,-0.04449600832647165,-0.07644120346849176
0.7737737737737738,0.6087769,1.7179934978485494,-0.04449755059565908,-0.07644650259352914
0.7747747747747747,0.6104965,1.7178744077682881,-0.04449446605728422,-0.07643590452712333
0.7757757757757757,0.61221623,1.7179934978485494,-0.04449755059565908,-0.07644650259352914
0.7767767767767768,0.6139359,1.7179339528082282,-0.04449600832646672,-0.0764412034684748
0.7777777777777778,0.61565566,1.71805304288868,-0.044499092864846504,-0.07645180190223548
0.7787787787787788,0.61737525,1.7178744077682881,-0.04449446605728422,-0.07643590452712333
0.7797797797797797,0.619095,1.71805304288868,-0.044499092864846504,-0.07645180190223548
0.7807807807807807,0.6208147,1.7179339528084188,-0.04449600832647165,-0.07644120346849176
0.7817817817817818,0.62253433,1.7179339528082282,-0.04449600832646672,-0.0764412034684748
0.7827827827827828,0.6242541,1.71805304288868,-0.044499092864846504,-0.07645180190223548
0.7837837837837838,0.6259737,1.7178744077682881,-0.04449446605728422,-0.07643590452712333
0.7847847847847848,0.62769336,1.7179339528084188,-0.04449600832647165,-0.07644120346849176
0.7857857857857857,0.6294131,1.71805304288868,-0.044499092864846504,-0.07645180190223548
0.7867867867867868,0.6311326,1.7177553176878364,-0.04449138151890444,-0.07642530719537642
0.7877877877877878,0.63285255,1.7182316780090718,-0.04450371967240879,-0.0764677009303683
0.7887887887887888,0.6345721,1.7178148627281575,-0.0444929237880968,-0.07643060576942388
0.7897897897897898,0.6362919,1.7181125879288106,-0.04450063513403393,-0.0764571013946108
0.7907907907907907,0.6380115,1.7178744077682881,-0.04449446605728422,-0.07643590452712333
0.7917917917917918,0.63973117,1.7179339528082282,-0.04449600832646672,-0.0764412034684748
0.7927927927927928,0.6414509,1.7179934978485494,-0.04449755059565908,-0.07644650259352914
0.7937937937937938,0.6431704,1.7178148627281575,-0.0444929237880968,-0.07643060576942388
0.7947947947947948,0.64489025,1.7181125879288106,-0.04450063513403393,-0.0764571013946108
0.7957957957957957,0.6466099,1.7179339528084188,-0.04449600832647165,-0.07644120346849176
0.7967967967967968,0.6483297,1.7180530428884895,-0.04449909286484157,-0.07645180190221854
0.7977977977977978,0.6500493,1.7179339528084188,-0.04449600832647165,-0.07644120346849176
0.7987987987987988,0.651769,1.7179339528084188,-0.04449600832647165,-0.07644120346849176
0.7997997997997998,0.65348876,1.71805304288868,-0.044499092864846504,-0.07645180190223548
0.8008008008008007,0.65520823,1.717755317688027,-0.04449138151890937,-0.07642530719539338
0.8018018018018018,0.6569281,1.7181721329687507,-0.04450217740321643,-0.0764624010706381
0.8028028028028028,0.6586477,1.7178744077682881,-0.04449446605728422,-0.07643590452712333
0.8038038038038038,0.6603675,1.71805304288868,-0.044499092864846504,-0.07645180190223548
0.8048048048048048,0.66208714,1.7179339528084188,-0.04449600832647165,-0.07644120346849176
0.8058058058058059,0.66380674,1.7178744077680976,-0.04449446605727929,-0.07643590452710639
0.8068068068068068,0.6655266,1.7181721329689412,-0.04450217740322136,-0.07646240107065506
0.8078078078078078,0.6672461,1.717755317688027,-0.04449138151890937,-0.07642530719539338
0.8088088088088088,0.6689659,1.71805304288868,-0.044499092864846504,-0.07645180190223548
0.8098098098098098,0.67068547,1.7178744077682881,-0.04449446605728422,-0.07643590452712333
0.8108108108108109,0.6724051,1.7179339528082282,-0.04449600832646672,-0.0764412034684748
0.8118118118118118,0.67412496,1.7181125879288106,-0.04450063513403393,-0.0764571013946108
0.8128128128128128,0.67584455,1.7178744077682881,-0.04449446605728422,-0.07643590452712333
0.8138138138138138,0.6775644,1.7181125879288106,-0.04450063513403393,-0.0764571013946108
0.8148148148148148,0.67928404,1.7179339528084188,-0.04449600832647165,-0.07644120346849176
0.8158158158158159,0.6810037,1.7179339528082282,-0.04449600832646672,-0.0764412034684748
0.8168168168168168,0.68272334,1.7179339528084188,-0.04449600832647165,-0.07644120346849176
0.8178178178178178,0.6844431,1.71805304288868,-0.044499092864846504,-0.07645180190223548
0.8188188188188188,0.6861627,1.7178744077682881,-0.04449446605728422,-0.07643590452712333
0.8198198198198198,0.6878824,1.7179934978485494,-0.04449755059565908,-0.07644650259352914
0.8208208208208209,0.6896021,1.7179339528082282,-0.04449600832646672,-0.0764412034684748
0.8218218218218218,0.6913218,1.7179934978485494,-0.04449755059565908,-0.07644650259352914
0.8228228228228228,0.69304144,1.7179339528084188,-0.04449600832647165,-0.07644120346849176
0.8238238238238238,0.69476116,1.7179934978485494,-0.04449755059565908,-0.07644650259352914
0.8248248248248248,0.69649374,1.7308552265167627,-0.04483068074014343,-0.07759541806738163
0.8258258258258259,0.69822866,1.7331774830816644,-0.04489082923844812,-0.07780377443294231
0.8268268268268268,0.69996345,1.7330583930015955,-0.044887744700078246,-0.07779308269538349
0.8278278278278278,0.7016983,1.733117938041726,-0.044889286969265675,-0.07779842847233705
0.8288288288288288,0.70343304,1.7329988479614649,-0.044886202430890816,-0.0777877371020989
0.8298298298298298,0.7051679,1.733117938041726,-0.044889286969265675,-0.07779842847233705
0.8308308308308309,0.7069028,1.7331774830816644,-0.04489082923844812,-0.07780377443294231
0.8318318318318318,0.7086376,1.7330583930015955,-0.044887744700078246,-0.07779308269538349
0.8328328328328328,0.71037227,1.7329393029213342,-0.044884660161703394,-0.07778239169248326
0.8338338338338338,0.7121073,1.733296573162118,-0.04489391377682796,-0.07781446690521149
0.8348348348348348,0.71384215,1.733117938041726,-0.044889286969265675,-0.07779842847233705
0.8358358358358359,0.715577,1.7331179380415338,-0.04488928696926069,-0.07779842847231978
0.8368368368368369,0.7173118,1.7330583930015955,-0.044887744700078246,-0.07779308269538349
0.8378378378378378,0.71904653,1.7329988479614649,-0.044886202430890816,-0.0777877371020989
0.8388388388388388,0.7207815,1.7332370281219873,-0.04489237150764053,-0.07780912057725105
0.8398398398398398,0.7225162,1.7329393029213342,-0.044884660161703394,-0.07778239169248326
0.8408408408408409,0.7242511,1.7331774830816644,-0.04489082923844812,-0.07780377443294231
0.8418418418418419,0.72598594,1.733117938041726,-0.044889286969265675,-0.07779842847233705
0.8428428428428428,0.72772074,1.7330583930015955,-0.044887744700078246,-0.07779308269538349
0.8438438438438438,0.7294557,1.7332370281219873,-0.04489237150764053,-0.07780912057725105
0.8448448448448448,0.7311905,1.7330583930015955,-0.044887744700078246,-0.07779308269538349
0.8458458458458459,0.7329254,1.7331774830816644,-0.04489082923844812,-0.07780377443294231
0.8468468468468469,0.73466015,1.7329988479614649,-0.044886202430890816,-0.0777877371020989
0.8478478478478478,0.73639506,1.7331774830818567,-0.044890829238453105,-0.07780377443295958
0.8488488488488488,0.7381297,1.7328797578812036,-0.044883117892515964,-0.07777704646653658
0.8498498498498498,0.7398646,1.7331774830818567,-0.044890829238453105,-0.07780377443295958
0.8508508508508509,0.74159944,1.7331179380415338,-0.04488928696926069,-0.07779842847231978
0.8518518518518519,0.74333423,1.7330583930015955,-0.044887744700078246,-0.07779308269538349
0.8528528528528528,0.74506927,1.733296573162118,-0.04489391377682796,-0.07781446690521149
0.8538538538538538,0.74680394,1.7329393029213342,-0.044884660161703394,-0.07778239169248326
0.8548548548548548,0.7485388,1.733117938041726,-0.044889286969265675,-0.07779842847233705
0.8558558558558559,0.7502737,1.7331774830816644,-0.04489082923844812,-0.07780377443294231
0.8568568568568569,0.75200844,1.7329988479614649,-0.044886202430890816,-0.0777877371020989
0.8578578578578578,0.7537433,1.733117938041726,-0.044889286969265675,-0.07779842847233705
0.8588588588588588,0.75547814,1.733117938041726,-0.044889286969265675,-0.07779842847233705
0.8598598598598598,0.75721306,1.7331774830818567,-0.044890829238453105,-0.07780377443295958
0.8608608608608609,0.75894785,1.7330583930014032,-0.044887744700073264,-0.07779308269536622
0.8618618618618619,0.7606827,1.733117938041726,-0.044889286969265675,-0.07779842847233705
0.8628628628628628,0.76241755,1.733117938041726,-0.044889286969265675,-0.07779842847233705
0.8638638638638638,0.76415235,1.7330583930015955,-0.044887744700078246,-0.07779308269538349
0.8648648648648649,0.7658872,1.7331179380415338,-0.04488928696926069,-0.07779842847231978
0.8658658658658659,0.767622,1.7330583930015955,-0.044887744700078246,-0.07779308269538349
0.8668668668668669,0.7693568,1.7330583930015955,-0.044887744700078246,-0.07779308269538349
0.8678678678678678,0.77109176,1.7332370281219873,-0.04489237150764053,-0.07780912057725105
0.8688688688688688,0.77282643,1.7329393029213342,-0.044884660161703394,-0.07778239169248326
0.8698698698698699,0.77456135,1.7331774830816644,-0.04489082923844812,-0.07780377443294231
0.8708708708708709,0.77629626,1.7331774830818567,-0.044890829238453105,-0.07780377443295958
0.8718718718718719,0.778031,1.7329988479614649,-0.044886202430890816,-0.0777877371020989
0.8728728728728729,0.77976584,1.733117938041726,-0.044889286969265675,-0.07779842847233705
0.8738738738738738,0.7815007,1.733117938041726,-0.044889286969265675,-0.07779842847233705
0.8748748748748749,0.7832355,1.7330583930014032,-0.044887744700073264,-0.07779308269536622
0.8758758758758759,0.7849703,1.7330583930015955,-0.044887744700078246,-0.07779308269538349
0.8768768768768769,0.78670514,1.733117938041726,-0.044889286969265675,-0.07779842847233705
0.8778778778778779,0.7884399,1.7330583930015955,-0.044887744700078246,-0.07779308269538349
0.8788788788788788,0.7901749,1.7332370281219873,-0.04489237150764053,-0.07780912057725105
0.8798798798798799,0.7919098,1.7331774830816644,-0.04489082923844812,-0.07780377443294231
0.8808808808808809,0.7936446,1.7330583930015955,-0.044887744700078246,-0.07779308269538349
0.8818818818818819,0.79537934,1.7329988479614649,-0.044886202430890816,-0.0777877371020989
0.8828828828828829,0.79711425,1.7331774830818567,-0.044890829238453105,-0.07780377443295958
0.8838838838838838,0.7988489,1.7329393029213342,-0.044884660161703394,-0.07778239169248326
0.8848848848848849,0.8005839,1.733237028121795,-0.04489237150763555,-0.0778091205772338
0.8858858858858859,0.80231875,1.733117938041726,-0.044889286969265675,-0.07779842847233705
0.8868868868868869,0.8040535,1.7329988479614649,-0.044886202430890816,-0.0777877371020989
0.8878878878878879,0.8057884,1.7331774830818567,-0.044890829238453105,-0.07780377443295958
0.8888888888888888,0.8075233,1.7331774830818567,-0.044890829238453105,-0.07780377443295958
0.8898898898898899,0.8092581,1.7330583930014032,-0.044887744700073264,-0.07779308269536622
0.8908908908908909,0.8109929,1.7330583930015955,-0.044887744700078246,-0.07779308269538349
0.8918918918918919,0.81272775,1.733117938041726,-0.044889286969265675,-0.07779842847233705
0.8928928928928929,0.8144625,1.7329988479614649,-0.044886202430890816,-0.0777877371020989
0.8938938938938938,0.8161973,1.7330583930015955,-0.044887744700078246,-0.07779308269538349
0.8948948948948949,0.81793225,1.733237028121795,-0.04489237150763555,-0.0778091205772338
0.8958958958958959,0.8196671,1.733117938041726,-0.044889286969265675,-0.07779842847233705
0.8968968968968969,0.82140195,1.733117938041726,-0.044889286969265675,-0.07779842847233705
0.8978978978978979,0.82313675,1.7330583930015955,-0.044887744700078246,-0.07779308269538349
0.8988988988988988,0.82487166,1.7331774830818567,-0.044890829238453105,-0.07780377443295958
0.8998998998998999,0.8266064,1.7329988479612726,-0.04488620243088584,-0.07778773710208163
0.9009009009009009,0.82834125,1.733117938041726,-0.044889286969265675,-0.07779842847233705
0.9019019019019019,0.83007616,1.7331774830818567,-0.044890829238453105,-0.07780377443295958
0.9029029029029029,0.83181095,1.7330583930015955,-0.044887744700078246,-0.07779308269538349
0.9039039039039038,0.83354574,1.7330583930015955,-0.044887744700078246,-0.07779308269538349
0.9049049049049049,0.8352806,1.7331179380415338,-0.04488928696926069,-0.07779842847231978
0.9059059059059059,0.8370154,1.7330583930015955,-0.044887744700078246,-0.07779308269538349
0.9069069069069069,0.83875036,1.7332370281219873,-0.04489237150764053,-0.07780912057725105
0.9079079079079079,0.8404851,1.7329988479614649,-0.044886202430890816,-0.0777877371020989
0.9089089089089089,0.84222007,1.7332370281219873,-0.04489237150764053,-0.07780912057725105
0.9099099099099099,0.8439548,1.7329988479612726,-0.04488620243088584,-0.07778773710208163
0.9109109109109109,0.84568954,1.7329988479614649,-0.044886202430890816,-0.0777877371020989
0.9119119119119119,0.84742457,1.733296573162118,-0.04489391377682796,-0.07781446690521149
0.9129129129129129,0.84915936,1.7330583930015955,-0.044887744700078246,-0.07779308269538349
0.9139139139139139,0.8508941,1.7329988479614649,-0.044886202430890816,-0.0777877371020989
0.914914914914915,0.852629,1.7331774830816644,-0.04489082923844812,-0.07780377443294231
0.9159159159159159,0.8543637,1.7329393029213342,-0.044884660161703394,-0.07778239169248326
0.9169169169169169,0.8560986,1.7331774830818567,-0.044890829238453105,-0.07780377443295958
0.9179179179179179,0.8578333,1.7329988479614649,-0.044886202430890816,-0.0777877371020989
0.9189189189189189,0.8595683,1.7332370281219873,-0.04489237150764053,-0.07780912057725105
0.91991991991992,0.86130303,1.7329988479612726,-0.04488620243088584,-0.07778773710208163
0.9209209209209209,0.863038,1.7332370281219873,-0.04489237150764053,-0.07780912057725105
0.9219219219219219,0.8647728,1.7330583930015955,-0.044887744700078246,-0.07779308269538349
0.9229229229229229,0.86650765,1.733117938041726,-0.044889286969265675,-0.07779842847233705
0.9239239239239239,0.86824256,1.7331774830818567,-0.044890829238453105,-0.07780377443295958
0.924924924924925,0.8699774,1.7331179380415338,-0.04488928696926069,-0.07779842847231978
0.9259259259259259,0.87171227,1.733117938041726,-0.044889286969265675,-0.07779842847233705
0.9269269269269269,0.87344694,1.7329393029213342,-0.044884660161703394,-0.07778239169248326
0.9279279279279279,0.8751818,1.733117938041726,-0.044889286969265675,-0.07779842847233705
0.9289289289289289,0.8769165,1.7329988479614649,-0.044886202430890816,-0.0777877371020989
0.92992992992993,0.8786515,1.733237028121795,-0.04489237150763555,-0.0778091205772338
0.9309309309309309,0.88038635,1.733117938041726,-0.044889286969265675,-0.07779842847233705
0.9319319319319319,0.88212115,1.7330583930015955,-0.044887744700078246,-0.07779308269538349
0.9329329329329329,0.883856,1.733117938041726,-0.044889286969265675,-0.07779842847233705
0.933933933933934,0.8855908,1.7330583930014032,-0.044887744700073264,-0.07779308269536622
0.934934934934935,0.8873255,1.7329988479614649,-0.044886202430890816,-0.0777877371020989
0.9359359359359359,0.88906044,1.7331774830818567,-0.044890829238453105,-0.07780377443295958
0.9369369369369369,0.89079523,1.7330583930015955,-0.044887744700078246,-0.07779308269538349
0.9379379379379379,0.8925302,1.7332370281219873,-0.04489237150764053,-0.07780912057725105
0.938938938938939,0.89426506,1.7331179380415338,-0.04488928696926069,-0.07779842847231978
0.93993993993994,0.89599985,1.7330583930015955,-0.044887744700078246,-0.07779308269538349
0.9409409409409409,0.8977347,1.733117938041726,-0.044889286969265675,-0.07779842847233705
0.9419419419419419,0.8994695,1.7330583930015955,-0.044887744700078246,-0.07779308269538349
0.9429429429429429,0.90120435,1.733117938041726,-0.044889286969265675,-0.07779842847233705
0.943943943943944,0.90293926,1.7331774830816644,-0.04489082923844812,-0.07780377443294231
0.944944944944945,0.90467405,1.7330583930015955,-0.044887744700078246,-0.07779308269538349
0.9459459459459459,0.9064088,1.7329988479614649,-0.044886202430890816,-0.0777877371020989
0.9469469469469469,0.90814376,1.7332370281219873,-0.04489237150764053,-0.07780912057725105
0.9479479479479479,0.90987855,1.7330583930015955,-0.044887744700078246,-0.07779308269538349
0.948948948948949,0.9116133,1.7329988479612726,-0.04488620243088584,-0.07778773710208163
0.94994994994995,0.91334814,1.733117938041726,-0.044889286969265675,-0.07779842847233705
0.950950950950951,0.915083,1.733117938041726,-0.044889286969265675,-0.07779842847233705
0.9519519519519519,0.91681784,1.733117938041726,-0.044889286969265675,-0.07779842847233705
0.9529529529529529,0.91855276,1.7331774830818567,-0.044890829238453105,-0.07780377443295958
0.953953953953954,0.92028755,1.7330583930014032,-0.044887744700073264,-0.07779308269536622
0.954954954954955,0.9220225,1.7332370281219873,-0.04489237150764053,-0.07780912057725105
0.955955955955956,0.9237572,1.7329393029213342,-0.044884660161703394,-0.07778239169248326
0.9569569569569569,0.925492,1.7330583930015955,-0.044887744700078246,-0.07779308269538349
0.9579579579579579,0.9272269,1.7331774830818567,-0.044890829238453105,-0.07780377443295958
0.958958958958959,0.9289616,1.732939302921142,-0.04488466016169841,-0.077782391692466
0.95995995995996,0.9306965,1.7331774830818567,-0.044890829238453105,-0.07780377443295958
0.960960960960961,0.9324314,1.7331774830818567,-0.044890829238453105,-0.07780377443295958
0.9619619619619619,0.9341662,1.7330583930015955,-0.044887744700078246,-0.07779308269538349
0.9629629629629629,0.93590105,1.733117938041726,-0.044889286969265675,-0.07779842847233705
0.963963963963964,0.9376359,1.7331179380415338,-0.04488928696926069,-0.07779842847231978
0.964964964964965,0.93937075,1.733117938041726,-0.044889286969265675,-0.07779842847233705
0.965965965965966,0.94110554,1.7330583930015955,-0.044887744700078246,-0.07779308269538349
0.9669669669669669,0.94284034,1.7330583930015955,-0.044887744700078246,-0.07779308269538349
0.9679679679679679,0.9445752,1.733117938041726,-0.044889286969265675,-0.07779842847233705
0.968968968968969,0.94631004,1.7331179380415338,-0.04488928696926069,-0.07779842847231978
0.96996996996997,0.94804496,1.7331774830818567,-0.044890829238453105,-0.07780377443295958
0.970970970970971,0.9497797,1.7329988479614649,-0.044886202430890816,-0.0777877371020989
0.9719719719719719,0.9515144,1.7329988479614649,-0.044886202430890816,-0.0777877371020989
0.9729729729729729,0.95324934,1.7331774830818567,-0.044890829238453105,-0.07780377443295958
0.973973973973974,0.9549841,1.7330583930014032,-0.044887744700073264,-0.07779308269536622
0.974974974974975,0.95671916,1.733296573162118,-0.04489391377682796,-0.07781446690521149
0.975975975975976,0.9584538,1.7328797578812036,-0.044883117892515964,-0.07777704646653658
0.9769769769769769,0.9601887,1.7331774830818567,-0.044890829238453105,-0.07780377443295958
0.9779779779779779,0.9619234,1.7329988479614649,-0.044886202430890816,-0.0777877371020989
0.978978978978979,0.9636584,1.733237028121795,-0.04489237150763555,-0.0778091205772338
0.97997997997998,0.9653932,1.7330583930015955,-0.044887744700078246,-0.07779308269538349
0.980980980980981,0.96712804,1.733117938041726,-0.044889286969265675,-0.07779842847233705
0.9819819819819819,0.96886295,1.7331774830818567,-0.044890829238453105,-0.07780377443295958
0.9829829829829829,0.9705979,1.7332370281219873,-0.04489237150764053,-0.07780912057725105
0.983983983983984,0.97233254,1.7328797578810113,-0.04488311789251098,-0.07777704646651931
0.984984984984985,0.97406745,1.7331774830818567,-0.044890829238453105,-0.07780377443295958
0.985985985985986,0.97580224,1.7330583930015955,-0.044887744700078246,-0.07779308269538349
0.986986986986987,0.97753704,1.7330583930015955,-0.044887744700078246,-0.07779308269538349
0.9879879879879879,0.9792718,1.7330583930015955,-0.044887744700078246,-0.07779308269538349
0.988988988988989,0.9810067,1.7331179380415338,-0.04488928696926069,-0.07779842847231978
0.98998998998999,0.9827416,1.7331774830818567,-0.044890829238453105,-0.07780377443295958
0.990990990990991,0.9844653,1.7219830155373008,-0.044600882631216726,-0.0768019623689278
0.991991991991992,0.9861883,1.7212684750557334,-0.0445823754009676,-0.07673823732078575
0.992992992992993,0.9879112,1.7212089300154119,-0.04458083313177522,-0.07673292809393846
0.993993993993994,0.98963404,1.7210898399353416,-0.04457774859340531,-0.07672231019130185
0.994994994994995,0.9913572,1.7214471101761253,-0.04458700220852988,-0.07675416610329028
0.995995995995996,0.99307996,1.721030294895211,-0.04457620632421789,-0.07671700151547849
0.996996996996997,0.9948032,1.721506655216256,-0.044588544477717304,-0.07675947606479637
0.997997997997998,0.9965261,1.7212089300154119,-0.04458083313177522,-0.07673292809393846
0.998998998998999,0.9982491,1.7212684750557334,-0.0445823754009676,-0.07673823732078575
1.0,0.999972,1.7211493849754722,-0.04457929086259274,-0.07672761905079419
